Timestep,Average Total Reward,Average Suboptimal Arms,Average Regret,Average Zeros Count,Average Ones Count
2,1.6342857142857143,1.2857142857142858,0.17857142857142785,0.3657142857142857,1.6342857142857143
3,2.4357142857142855,2.0,0.27857142857143097,0.5642857142857143,2.4357142857142855
100,80.83714285714285,66.57142857142857,9.278571428571508,19.162857142857142,80.83714285714285
