Timestep,Average Total Reward,Average Suboptimal Arms,Average Regret,Average Zeros Count,Average Ones Count
2,1.615,1.3333333333333333,0.19999999999999962,0.385,1.615
3,2.415,2.0,0.3000000000000018,0.585,2.415
100,80.51166666666667,63.288333333333334,9.30566666666667,19.488333333333333,80.51166666666667
