Timestep,Average Total Reward,Average Suboptimal Arms,Average Regret,Average Zeros Count,Average Ones Count
2,1.6646153846153846,1.3076923076923077,0.1461538461538462,0.3353846153846154,1.6646153846153846
3,2.500769230769231,1.926153846153846,0.2156923076923108,0.49923076923076926,2.500769230769231
100,83.10307692307693,62.92230769230769,6.892076923076918,16.896923076923077,83.10307692307693
