Timestep,Average Total Reward,Average Suboptimal Arms,Average Regret,Average Zeros Count,Average Ones Count
2,1.6485714285714286,1.2857142857142858,0.17857142857142785,0.3514285714285714,1.6485714285714286
3,2.4514285714285715,2.0,0.27857142857143097,0.5485714285714286,2.4514285714285715
100,81.14285714285714,63.61,8.672214285714288,18.857142857142858,81.14285714285714
