Timestep,Value_at_Risk
2,0.01
3,0.02
100,0.5
200,0.98
2000,9.76
10000,48.68
20000,97.243
40000,194.447
60000,291.99600000000004
80000,388.90000000000003
100000,482.195
