Timestep,Value_at_Risk
2,0.01
3,0.02
100,0.5
200,0.99
2000,9.8102
10000,48.870599999999996
20000,97.6
40000,195.01
60000,292.54040000000003
80000,390.1001
100000,487.4604
