Timestep,Value_at_Risk
2,0.0
3,0.0
100,0.4
200,0.89
2000,9.58
10000,47.933
20000,95.759
40000,190.848
60000,284.488
80000,367.9950000000001
100000,428.70500000000027
