Timestep,Value_at_Risk
2,0.1
3,0.2
100,5.1
200,9.305
2000,46.71
10000,77.515
20000,87.88999999999999
40000,95.06
60000,101.085
80000,104.13499999999999
100000,106.065
