Timestep,Value_at_Risk
2,0.01
3,0.01
100,0.29
200,0.56
2000,5.971
10000,27.867000000000004
20000,58.323
40000,104.67800000000001
60000,153.39700000000002
80000,195.085
100000,228.108
