Timestep,Value_at_Risk
2,0.0
3,0.05
100,2.102000000000001
200,4.753000000000002
2000,26.056500000000028
10000,68.94100000000005
20000,84.42700000000004
40000,99.77900000000001
60000,113.89600000000002
80000,119.84200000000001
100000,125.15
200000,126.69900000000004
400000,144.44050000000007
600000,150.8670000000001
800000,153.3475000000001
1000000,153.53550000000013
