Timestep,Value_at_Risk
2,0.1
3,0.11
100,4.11
200,7.0489999999999995
2000,37.619
10000,88.577
20000,131.43550000000002
40000,175.12399999999997
60000,212.4375
80000,244.861
100000,271.3275
200000,355.47049999999996
400000,415.6424999999999
600000,469.453
800000,495.35249999999996
1000000,530.3414999999999
