Timestep,Value_at_Risk
2,0.01
3,0.06
100,2.0105
200,4.061499999999999
2000,28.249499999999998
10000,84.053
20000,119.473
40000,168.0365
60000,212.5075
80000,250.54899999999998
100000,284.3805
200000,401.4375
400000,572.0184999999999
600000,681.651
800000,786.2844999999999
1000000,848.8595
