Timestep,Value_at_Risk
2,0.1
3,0.2
100,4.7
200,8.41
2000,30.32
10000,43.569999999999986
20000,48.13
40000,52.44
60000,54.74
80000,56.04
100000,56.51999999999999
