Timestep,Value_at_Risk
2,0.05
3,0.06
100,2.3004000000000002
200,4.8405000000000005
2000,36.14370000000005
10000,110.88020000000004
20000,147.63760000000008
40000,206.10190000000003
60000,260.41970000000003
80000,295.59310000000005
100000,320.09000000000003
200000,384.34450000000015
400000,472.0333000000004
600000,540.0328000000006
800000,615.2578000000004
1000000,615.4303000000004
