Timestep,Value_at_Risk
2,0.1
3,0.1
100,4.296600000000003
200,8.073500000000003
2000,34.5835
10000,73.88880000000002
20000,103.41730000000001
40000,164.37240000000003
60000,207.14200000000022
80000,259.20190000000025
100000,315.1081000000001
200000,418.8780000000002
400000,642.7450000000001
600000,752.6178
800000,777.5692000000005
1000000,841.3957000000008
