Timestep,Value_at_Risk
2,0.0
3,0.09
100,3.2390000000000008
200,5.6
2000,25.84
10000,41.406000000000006
20000,47.433000000000014
40000,53.019
60000,58.06900000000002
80000,58.38700000000002
100000,60.9
200000,63.108000000000004
400000,66.258
600000,66.766
800000,67.778
1000000,68.276
