Timestep,Value_at_Risk
2,0.0
3,0.05
100,1.9
200,3.6150000000000015
2000,22.555
10000,50.69500000000001
20000,67.56
40000,82.58500000000001
60000,88.79000000000003
80000,93.32500000000002
100000,97.20500000000001
200000,110.95500000000001
400000,116.80000000000001
600000,119.70000000000003
800000,123.405
1000000,123.57
