Timestep,Value_at_Risk
2,0.09
3,0.18
100,6.2145
200,12.0645
2000,68.13449999999999
10000,105.62849999999999
20000,115.79849999999999
40000,120.91949999999999
60000,134.79749999999999
80000,141.039
100000,141.12
200000,145.584
400000,151.60499999999996
600000,151.60949999999997
800000,151.86599999999999
1000000,152.72549999999998
