Timestep,Value_at_Risk
2,0.05
3,0.05
100,1.8909999999999998
200,3.5944999999999996
2000,27.110999999999997
10000,82.766
20000,119.96300000000001
40000,176.4695
60000,215.85449999999997
80000,264.267
100000,300.1665
200000,434.917
400000,552.6639999999999
600000,701.7284999999999
800000,763.9035
1000000,797.819
