Timestep,Value_at_Risk
2,0.11
3,0.11
100,3.97
200,6.897999999999999
2000,36.559999999999995
10000,89.9535
20000,122.384
40000,191.7265
60000,228.51899999999998
80000,260.461
100000,281.49949999999995
200000,357.323
400000,457.32349999999997
600000,501.47049999999996
800000,534.8485000000001
1000000,551.8885
