Timestep,Value_at_Risk
2,0.01
3,0.06
100,2.151800000000001
200,4.691400000000001
2000,33.71780000000001
10000,97.10970000000005
20000,130.16780000000014
40000,184.29570000000004
60000,218.36260000000004
80000,254.85420000000005
100000,320.29040000000003
200000,472.92640000000006
400000,688.6038
600000,771.7419000000006
800000,840.8698000000007
1000000,922.7490000000006
