Timestep,Value_at_Risk
2,0.01
3,0.02
100,0.7605
200,1.541
2000,14.862499999999999
10000,68.544
20000,126.72449999999999
40000,219.153
60000,295.9745
80000,347.1965
100000,380.498
200000,550.9374999999999
400000,700.5664999999999
600000,771.713
800000,798.4205000000001
1000000,844.212
