Timestep,Value_at_Risk
2,0.01
3,0.01
100,0.40010000000000007
200,0.7906000000000003
2000,8.032
10000,38.29390000000001
20000,71.43580000000003
40000,148.4101
60000,222.22860000000006
80000,282.6951
100000,335.0456000000001
200000,566.2754000000001
400000,985.0134000000005
600000,1134.5108
800000,1263.839900000001
1000000,1350.7210000000011
