Timestep,Value_at_Risk
2,0.01
3,0.05
100,1.8420000000000003
200,3.581
2000,25.916
10000,75.33300000000001
20000,112.03800000000001
40000,166.612
60000,205.78
80000,238.18300000000002
100000,274.19100000000003
200000,380.778
400000,484.367
600000,582.8310000000001
800000,645.33
1000000,708.575
