Timestep,Value_at_Risk
2,0.05
3,0.05
100,2.0005
200,4.0
2000,26.11600000000001
10000,67.70850000000004
20000,88.71700000000004
40000,95.01700000000007
60000,100.19050000000004
80000,103.38250000000004
100000,105.00250000000005
200000,122.92900000000009
400000,129.07350000000005
600000,144.30200000000002
800000,146.69550000000004
1000000,146.79850000000002
