Timestep,Value_at_Risk
2,0.13
3,0.13
100,4.59
200,8.614999999999998
2000,53.391999999999996
10000,120.33099999999999
20000,150.01299999999998
40000,169.9985
60000,185.9975
80000,191.583
100000,198.98399999999998
200000,209.98499999999999
400000,218.6085
600000,221.012
800000,224.94750000000002
1000000,225.1255
