Timestep,Value_at_Risk
2,0.1
3,0.11
100,4.012
200,7.562999999999999
2000,38.64
10000,95.70599999999999
20000,130.0905
40000,177.965
60000,211.221
80000,237.76399999999998
100000,254.62449999999995
200000,337.4405
400000,408.002
600000,458.86449999999996
800000,468.6585
1000000,517.5649999999999
