Timestep,Value_at_Risk
2,0.04
3,0.04
100,1.56
200,3.08
2000,20.380000000000003
10000,56.11200000000004
20000,74.67600000000002
40000,89.364
60000,95.54400000000001
80000,102.26400000000002
100000,105.31200000000004
200000,121.47600000000001
400000,135.004
600000,139.336
800000,143.244
1000000,144.16000000000003
