Timestep,Value_at_Risk
2,0.05
3,0.05
100,1.8520000000000003
200,3.442
2000,25.710000000000004
10000,77.0
20000,114.838
40000,165.33800000000002
60000,208.794
80000,248.65800000000004
100000,284.56300000000005
200000,414.29
400000,538.324
600000,626.427
800000,697.6310000000002
1000000,730.6860000000003
