Timestep,Value_at_Risk
2,0.05
3,0.05
100,2.2050000000000027
200,4.251500000000001
2000,28.430500000000013
10000,68.00450000000001
20000,86.96850000000005
40000,118.14250000000007
60000,133.50600000000009
80000,139.11000000000007
100000,139.37050000000008
200000,146.9690000000001
400000,162.61000000000004
600000,165.67250000000004
800000,172.9925
1000000,172.99300000000002
