Timestep,Value_at_Risk
2,0.01
3,0.02
100,0.55
200,1.08
2000,10.894
10000,48.848000000000006
20000,93.30000000000001
40000,164.67100000000002
60000,231.43200000000002
80000,278.77900000000005
100000,324.721
200000,483.52400000000006
400000,667.782
600000,806.7950000000002
800000,888.5860000000002
1000000,952.3040000000001
