Timestep,Value_at_Risk
2,0.1
3,0.1
100,3.303
200,6.032000000000001
2000,31.166000000000004
10000,69.589
20000,96.349
40000,145.128
60000,183.007
80000,217.48000000000002
100000,247.82100000000003
200000,332.72900000000016
400000,487.6430000000001
600000,559.2050000000002
800000,618.129
1000000,654.1390000000001
