Timestep,Value_at_Risk
2,0.18
3,0.18
100,7.022700000000001
200,12.966300000000004
2000,71.4798
10000,126.57510000000006
20000,128.80260000000004
40000,130.40640000000005
60000,138.978
80000,139.3353
100000,141.07860000000002
200000,146.6262
400000,148.77270000000001
600000,148.77270000000001
800000,148.93920000000006
1000000,156.81780000000003
