Timestep,Value_at_Risk
2,0.0
3,0.1
100,3.902000000000001
200,7.5110000000000054
2000,30.245000000000022
10000,48.800999999999995
20000,52.96200000000003
40000,61.418000000000006
60000,61.929000000000016
80000,64.306
100000,64.505
200000,66.60499999999999
400000,68.94100000000003
600000,69.54200000000002
800000,69.64100000000002
1000000,69.64100000000002
