Timestep,Value_at_Risk
2,0.09
3,0.09
100,3.13
200,5.7
2000,26.139000000000003
10000,45.87500000000001
20000,53.418000000000006
40000,58.757000000000005
60000,60.334
80000,61.82600000000001
100000,61.82600000000001
200000,66.229
400000,67.72500000000005
600000,70.73200000000003
800000,72.13800000000002
1000000,72.22400000000002
