Timestep,Value_at_Risk
2,0.1
3,0.1
100,3.6
200,6.205
2000,26.434999999999995
10000,49.175
20000,58.48499999999999
40000,64.16499999999999
60000,66.775
80000,67.63499999999999
100000,67.77999999999999
200000,70.04999999999998
400000,71.25999999999999
600000,76.71000000000001
800000,76.86999999999999
1000000,76.88
