Timestep,Value_at_Risk
2,0.01
3,0.02
100,0.57
200,1.1010000000000002
2000,10.840000000000002
10000,49.548
20000,94.71300000000001
40000,164.76300000000003
60000,225.86100000000002
80000,287.08700000000005
100000,333.369
200000,479.884
400000,703.573
600000,816.3200000000003
800000,914.8380000000002
1000000,991.148
