Timestep,Value_at_Risk
2,0.01
3,0.02
100,0.6006000000000002
200,1.2404000000000002
2000,12.1224
10000,55.98800000000003
20000,108.39330000000001
40000,184.3683
60000,260.4075
80000,337.4517000000002
100000,400.2256000000002
200000,633.4441000000002
400000,884.7079000000009
600000,981.5970000000005
800000,998.2957000000006
1000000,1105.3512
