Timestep,Value_at_Risk
2,0.04
3,0.13
100,4.33
200,8.584
2000,52.410000000000004
10000,110.05300000000001
20000,133.41500000000002
40000,156.93400000000003
60000,167.28900000000002
80000,173.205
100000,177.49200000000002
200000,189.629
400000,200.151
600000,209.83800000000008
800000,219.67400000000004
1000000,219.94500000000005
