Timestep,Value_at_Risk
2,0.0
3,0.01
100,0.2204000000000002
200,0.47040000000000015
2000,4.622400000000002
10000,23.458800000000004
20000,39.734500000000025
40000,75.05220000000001
60000,107.7728
80000,139.12200000000004
100000,159.0352
200000,276.0368
400000,355.9074000000001
600000,514.5299000000001
800000,554.5311000000002
1000000,566.8734000000003
