Timestep,Value_at_Risk
2,0.0
3,0.09
100,3.6147000000000022
200,6.650900000000001
2000,31.82
10000,59.989400000000025
20000,63.154100000000035
40000,74.1967000000001
60000,81.01390000000009
80000,89.40920000000006
100000,89.97830000000006
200000,95.85120000000005
400000,98.87790000000004
600000,99.25880000000005
800000,99.26170000000005
1000000,100.10600000000004
