Timestep,Value_at_Risk
2,0.05
3,0.1
100,3.8530000000000015
200,7.704500000000002
2000,65.23400000000002
10000,164.3565
20000,182.57350000000005
40000,223.75900000000013
60000,225.56100000000015
80000,235.0700000000001
100000,236.98400000000012
200000,250.35800000000012
400000,279.699
600000,284.5605
800000,284.565
1000000,286.07050000000004
