Timestep,Value_at_Risk
2,0.05
3,0.05
100,1.85
200,3.55
2000,21.13500000000001
10000,51.71500000000002
20000,63.22500000000001
40000,76.14500000000002
60000,86.31
80000,90.66000000000001
100000,96.19500000000001
200000,105.19
400000,109.495
600000,112.685
800000,112.82500000000002
1000000,116.88000000000001
