Timestep,Value_at_Risk
2,0.04
3,0.08
100,3.0828000000000015
200,6.160800000000001
2000,50.18760000000001
10000,149.59520000000006
20000,230.85000000000002
40000,257.0152000000001
60000,269.5964000000001
80000,276.80840000000006
100000,284.06080000000003
200000,290.3392000000001
400000,304.86920000000003
600000,315.92400000000004
800000,317.2848
1000000,317.6496
