Timestep,Value_at_Risk
2,0.01
3,0.01
100,0.3710000000000001
200,0.7410000000000001
2000,7.431
10000,35.85000000000001
20000,70.70700000000001
40000,132.534
60000,186.719
80000,238.32600000000002
100000,280.197
200000,479.9330000000001
400000,744.806
600000,906.026
800000,1032.6280000000002
1000000,1091.8300000000002
