Timestep,Value_at_Risk
2,0.1
3,0.1
100,4.201700000000001
200,8.117800000000008
2000,33.884200000000064
10000,71.53990000000016
20000,115.1835000000001
40000,156.27120000000016
60000,195.97220000000007
80000,218.62260000000006
100000,257.3988000000001
200000,385.17870000000016
400000,544.7768000000002
600000,665.4599
800000,734.9947
1000000,784.1123000000001
