Timestep,Value_at_Risk
2,0.02
3,0.02
100,0.56
200,1.14
2000,10.983
10000,48.357000000000006
20000,91.642
40000,166.45600000000002
60000,224.863
80000,272.50100000000003
100000,322.86400000000003
200000,485.303
400000,681.5360000000001
600000,792.1700000000001
800000,889.101
1000000,940.7410000000001
