Timestep,Value_at_Risk
2,0.14
3,0.14
100,4.712
200,8.911
2000,52.836
10000,107.26900000000005
20000,130.321
40000,140.484
60000,150.71200000000002
80000,156.86800000000002
100000,161.41400000000002
200000,177.997
400000,184.345
600000,186.508
800000,189.089
1000000,189.97700000000003
