Timestep,Value_at_Risk
2,0.1
3,0.15
100,5.808500000000004
200,10.702
2000,61.62000000000003
10000,119.67850000000001
20000,148.21700000000004
40000,166.05650000000003
60000,171.25
80000,171.50750000000002
100000,174.38600000000002
200000,199.75750000000002
400000,204.66600000000003
600000,210.75650000000002
800000,211.7505
1000000,211.85049999999998
