Timestep,Value_at_Risk
2,0.14
3,0.14
100,5.294000000000002
200,10.147800000000004
2000,62.94550000000004
10000,130.94080000000002
20000,141.42300000000003
40000,159.94020000000006
60000,178.2193
80000,180.78560000000004
100000,189.74970000000005
200000,209.16270000000003
400000,210.0732000000001
600000,218.16020000000006
800000,221.67650000000006
1000000,222.32050000000004
