Timestep,Value_at_Risk
2,0.09
3,0.09
100,4.054500000000002
200,7.561800000000001
2000,34.926300000000005
10000,63.14310000000003
20000,70.69950000000003
40000,78.93360000000001
60000,81.57510000000002
80000,81.76140000000007
100000,81.94230000000007
200000,86.15250000000006
400000,89.93700000000005
600000,90.73890000000006
800000,102.15360000000001
1000000,102.4209
