Timestep,Value_at_Risk
2,0.09
3,0.1
100,4.0520000000000005
200,6.744900000000003
2000,34.43600000000007
10000,86.34840000000004
20000,115.59280000000005
40000,170.08100000000013
60000,226.37340000000003
80000,273.4305000000001
100000,314.6648
200000,447.15730000000013
400000,613.2876000000002
600000,679.1474000000004
800000,774.9878000000004
1000000,833.2855000000003
