Timestep,Value_at_Risk
2,0.05
3,0.05
100,1.9309000000000005
200,3.8731000000000018
2000,29.152400000000018
10000,68.61200000000001
20000,84.77280000000002
40000,106.8255000000001
60000,113.78880000000011
80000,116.98700000000011
100000,117.76230000000012
200000,142.99560000000002
400000,155.97000000000003
600000,161.6827
800000,164.34040000000002
1000000,164.40120000000005
