Timestep,Value_at_Risk
2,0.05
3,0.05
100,1.9024999999999999
200,3.755
2000,23.184999999999995
10000,57.842499999999994
20000,72.185
40000,82.66000000000001
60000,91.0025
80000,97.10499999999999
100000,100.16999999999999
200000,110.1
400000,114.29999999999998
600000,121.1
800000,121.42249999999999
1000000,123.085
