Timestep,Value_at_Risk
2,0.08
3,0.08
100,2.9604000000000004
200,5.841600000000001
2000,51.7656
10000,138.90400000000002
20000,192.04680000000002
40000,221.69560000000018
60000,234.78160000000017
80000,249.28360000000015
100000,251.70920000000015
200000,276.22280000000006
400000,298.6432
600000,305.5704
800000,310.1048
1000000,310.8596
