Timestep,Value_at_Risk
2,0.0
3,0.04
100,1.8016000000000008
200,3.0828000000000015
2000,27.604800000000004
10000,73.71240000000002
20000,92.26480000000004
40000,110.95000000000003
60000,121.67600000000003
80000,128.2308000000001
100000,132.59560000000008
200000,146.20600000000007
400000,164.3644000000002
600000,165.7200000000002
800000,166.7608000000002
1000000,170.00920000000016
