Timestep,Value_at_Risk
2,0.04
3,0.04
100,1.6804000000000001
200,3.3248000000000024
2000,26.098000000000027
10000,70.90560000000004
20000,94.97720000000002
40000,113.1672
60000,121.86600000000003
80000,127.24360000000004
100000,135.64800000000008
200000,150.92399999999998
400000,160.84640000000005
600000,162.91600000000005
800000,169.53760000000003
1000000,174.58720000000002
