Timestep,Value_at_Risk
2,0.09
3,0.13
100,4.745400000000003
200,9.233500000000003
2000,60.54250000000003
10000,129.44670000000008
20000,165.0262
40000,184.60950000000003
60000,202.57340000000016
80000,211.43210000000016
100000,214.68450000000013
200000,226.2420000000001
400000,232.84620000000015
600000,238.82600000000016
800000,239.0880000000002
1000000,244.10810000000015
