Timestep,Value_at_Risk
2,0.05
3,0.15
100,5.35
200,9.952499999999999
2000,59.63749999999999
10000,118.5925
20000,139.5975
40000,157.48749999999998
60000,158.04749999999996
80000,173.5375
100000,174.11249999999998
200000,188.20749999999998
400000,195.255
600000,197.415
800000,201.7175
1000000,202.0525
