Timestep,Value_at_Risk
2,0.05
3,0.09
100,3.2824999999999998
200,6.432499999999999
2000,50.407
10000,129.85250000000002
20000,170.51149999999998
40000,202.02049999999997
60000,216.79599999999996
80000,234.8685
100000,236.48149999999998
200000,249.66849999999997
400000,258.27299999999997
600000,273.09999999999997
800000,274.60099999999994
1000000,276.46149999999994
