Timestep,Value_at_Risk
2,0.1
3,0.2
100,6.6
200,11.9
2000,55.49000000000001
10000,92.33000000000001
20000,98.59000000000002
40000,104.30000000000001
60000,109.68
80000,110.80000000000001
100000,113.19
200000,117.61
400000,118.63
600000,124.95000000000002
800000,125.67000000000003
1000000,125.67000000000003
