Timestep,Value_at_Risk
2,0.01
3,0.02
100,0.8201
200,1.6705
2000,15.7939
10000,73.40400000000001
20000,138.2026
40000,230.6208000000001
60000,315.33730000000025
80000,360.2099000000001
100000,403.863
200000,607.2515000000002
400000,752.3636000000002
600000,822.5832000000001
800000,873.2507000000002
1000000,918.7903000000002
