Timestep,Value_at_Risk
2,0.1
3,0.1
100,3.5100000000000007
200,7.020000000000001
2000,50.35500000000001
10000,117.2
20000,152.75
40000,168.69500000000005
60000,184.79500000000002
80000,193.93500000000003
100000,200.06000000000003
200000,212.52000000000004
400000,224.28500000000008
600000,225.55500000000012
800000,230.21000000000006
1000000,231.49000000000007
