Timestep,Value_at_Risk
2,0.08
3,0.08
100,2.8
200,5.524
2000,45.88
10000,116.684
20000,154.06799999999998
40000,187.292
60000,201.7040000000001
80000,209.89200000000005
100000,222.48400000000004
200000,242.412
400000,256.048
600000,265.804
800000,269.1640000000001
1000000,278.20799999999997
