Timestep,Value_at_Risk
2,0.05
3,0.05
100,2.2401000000000004
200,3.7508000000000004
2000,28.826900000000006
10000,87.68270000000005
20000,134.1543
40000,191.98540000000003
60000,225.34580000000005
80000,271.13980000000015
100000,324.76370000000003
200000,472.40760000000023
400000,669.0717000000003
600000,701.6826000000002
800000,814.6092000000001
1000000,825.8996000000002
