Timestep,Value_at_Risk
2,0.05
3,0.05
100,1.9505
200,3.5479999999999987
2000,26.818499999999997
10000,79.932
20000,117.7785
40000,174.8885
60000,219.47
80000,263.324
100000,301.6355
200000,441.8055
400000,588.8969999999999
600000,699.8135
800000,767.1959999999999
1000000,816.154
