Timestep,Value_at_Risk
2,0.09
3,0.09
100,3.24
200,5.678999999999999
2000,29.268
10000,59.6025
20000,65.2545
40000,73.50749999999998
60000,78.3855
80000,80.90549999999999
100000,82.719
200000,87.4485
400000,90.9225
600000,90.936
800000,90.9405
1000000,91.719
