Timestep,Value_at_Risk
2,0.01
3,0.01
100,0.23
200,0.43049999999999994
2000,4.001
10000,19.6485
20000,34.052499999999995
40000,65.892
60000,96.56049999999999
80000,120.208
100000,137.80499999999998
200000,236.629
400000,347.653
600000,412.15849999999995
800000,487.5824999999999
1000000,538.6099999999998
