Timestep,Value_at_Risk
2,0.14
3,0.14
100,5.0402000000000005
200,9.9902
2000,66.03960000000001
10000,126.63530000000003
20000,154.4489
40000,166.0338
60000,173.49600000000004
80000,182.3998
100000,182.86580000000004
200000,197.54510000000002
400000,202.13260000000002
600000,207.53230000000002
800000,208.15470000000013
1000000,211.72370000000012
