Timestep,Value_at_Risk
2,0.09
3,0.18
100,6.662700000000002
200,13.598100000000004
2000,69.3018
10000,114.43950000000002
20000,129.44520000000009
40000,141.30720000000005
60000,153.33030000000005
80000,155.1357
100000,155.79900000000004
200000,158.48820000000006
400000,166.185
600000,166.49280000000005
800000,166.69620000000006
1000000,166.69800000000006
