Timestep,Value_at_Risk
2,0.06
3,0.06
100,2.3206
200,4.472800000000001
2000,37.1284
10000,108.89070000000005
20000,158.45250000000001
40000,252.86750000000006
60000,296.0176
80000,306.8607000000003
100000,342.07360000000017
200000,403.6624000000001
400000,479.80730000000005
600000,510.99110000000036
800000,594.5390000000001
1000000,643.4864000000001
