Timestep,Value_at_Risk
2,0.01
3,0.11
100,3.603
200,6.573
2000,34.36200000000001
10000,84.374
20000,126.131
40000,190.22
60000,226.185
80000,253.906
100000,274.07800000000003
200000,342.18700000000007
400000,416.02000000000004
600000,457.162
800000,499.24500000000006
1000000,515.4290000000001
