Timestep,Value_at_Risk
2,0.05
3,0.15
100,5.45
200,9.759500000000005
2000,59.14000000000004
10000,115.21350000000001
20000,132.05650000000003
40000,153.312
60000,157.35100000000006
80000,162.34300000000007
100000,166.56750000000005
200000,178.08900000000003
400000,197.859
600000,198.56500000000003
800000,199.6575
1000000,201.256
