Timestep,Value_at_Risk
2,0.13
3,0.13
100,4.6901
200,9.2913
2000,57.05170000000002
10000,130.89870000000002
20000,165.29890000000003
40000,182.53560000000007
60000,197.69840000000002
80000,206.74110000000002
100000,214.836
200000,231.95320000000007
400000,240.8786000000003
600000,250.83440000000024
800000,251.15540000000024
1000000,251.71030000000027
