Timestep,Value_at_Risk
2,0.02
3,0.02
100,0.57
200,1.1709999999999998
2000,11.1185
10000,51.306999999999995
20000,92.8415
40000,178.6355
60000,234.8425
80000,282.0735
100000,335.5345
200000,496.54749999999996
400000,712.0735
600000,823.4235
800000,909.8035
1000000,1023.9285
