Timestep,Value_at_Risk
2,0.05
3,0.05
100,1.76
200,3.1950000000000003
2000,21.402
10000,51.81300000000001
20000,66.915
40000,78.04400000000001
60000,85.85600000000001
80000,88.20000000000003
100000,95.62500000000001
200000,105.935
400000,114.15200000000002
600000,118.34600000000002
800000,121.608
1000000,124.16
