Timestep,Value_at_Risk
2,0.05
3,0.05
100,2.0112000000000005
200,3.9507000000000003
2000,30.5456
10000,89.59490000000005
20000,137.3465000000001
40000,203.30440000000004
60000,249.00050000000033
80000,295.33980000000037
100000,337.1505000000005
200000,492.31770000000034
400000,619.4040000000006
600000,740.6878000000002
800000,763.1252000000007
1000000,791.973300000001
