Timestep,Value_at_Risk
2,0.15
3,0.15
100,5.402500000000002
200,10.953500000000002
2000,60.11400000000001
10000,120.17450000000002
20000,166.01700000000005
40000,178.34550000000007
60000,195.7195
80000,197.66600000000003
100000,199.39850000000007
200000,218.31750000000017
400000,235.5810000000001
600000,239.80600000000015
800000,264.962
1000000,266.166
