Timestep,Value_at_Risk
2,0.05
3,0.14
100,4.82
200,9.134
2000,54.607000000000006
10000,113.766
20000,128.39400000000003
40000,148.06
60000,159.334
80000,164.198
100000,167.30100000000004
200000,184.65800000000002
400000,191.03200000000004
600000,195.66600000000003
800000,197.109
1000000,197.239
