Timestep,Value_at_Risk
2,0.0
3,0.01
100,0.2
200,0.41
2000,3.77
10000,17.284000000000002
20000,33.151
40000,62.799
60000,88.533
80000,108.402
100000,130.741
200000,200.84400000000002
400000,328.574
600000,399.6460000000002
800000,436.0870000000002
1000000,494.4000000000001
