Timestep,Value_at_Risk
2,0.01
3,0.02
100,0.6305000000000003
200,1.2501
2000,12.165000000000003
10000,55.875700000000016
20000,102.2822
40000,186.07960000000003
60000,241.79240000000001
80000,299.1359
100000,342.22370000000006
200000,584.0820000000006
400000,827.7121000000006
600000,907.4173000000011
800000,968.5372000000009
1000000,1065.1122000000003
