Timestep,Value_at_Risk
2,0.04
3,0.13
100,4.595
200,8.8505
2000,54.6915
10000,115.12549999999999
20000,141.7975
40000,164.9545
60000,183.88500000000002
80000,192.17049999999998
100000,192.18049999999997
200000,202.439
400000,214.17499999999998
600000,227.41299999999998
800000,231.2545
1000000,231.39249999999998
