Timestep,Value_at_Risk
2,0.1
3,0.1
100,3.471
200,6.490000000000001
2000,29.533
10000,66.84700000000001
20000,94.846
40000,140.02000000000004
60000,168.29500000000004
80000,200.222
100000,231.76200000000003
200000,359.669
400000,488.95000000000005
600000,620.604
800000,667.4900000000001
1000000,691.6530000000001
