Timestep,Value_at_Risk
2,0.13
3,0.13
100,4.391
200,8.500000000000002
2000,51.711000000000006
10000,110.98700000000001
20000,140.665
40000,158.55300000000005
60000,171.14100000000002
80000,178.40400000000002
100000,180.784
200000,198.953
400000,204.59700000000004
600000,206.61
800000,208.684
1000000,210.9010000000001
