Timestep,Value_at_Risk
2,0.01
3,0.06
100,2.2220000000000004
200,4.042
2000,32.49400000000001
10000,95.621
20000,140.708
40000,205.85200000000003
60000,242.98000000000002
80000,270.64000000000004
100000,296.748
200000,377.6540000000001
400000,466.08200000000005
600000,481.298
800000,510.1280000000001
1000000,528.724
