Timestep,Value_at_Risk
2,0.01
3,0.02
100,0.6004999999999999
200,1.1404999999999998
2000,10.840499999999999
10000,51.248
20000,96.50999999999999
40000,171.7185
60000,232.03199999999998
80000,292.2585
100000,339.8205
200000,502.1314999999999
400000,735.433
600000,860.133
800000,952.2674999999999
1000000,1091.598
