Timestep,Value_at_Risk
2,0.02
3,0.02
100,0.59
200,1.2103000000000002
2000,11.601600000000001
10000,53.19780000000002
20000,98.6919
40000,185.77880000000005
60000,246.2945000000001
80000,303.83000000000004
100000,354.73380000000014
200000,537.0179
400000,764.0255000000004
600000,924.6639000000002
800000,1018.5901000000001
1000000,1136.6739
