Timestep,Value_at_Risk
2,0.1
3,0.1
100,3.391
200,6.404000000000001
2000,30.790000000000003
10000,65.01100000000001
20000,93.498
40000,130.91800000000003
60000,164.68700000000007
80000,204.148
100000,226.913
200000,338.1140000000001
400000,474.80600000000004
600000,564.647
800000,634.082
1000000,678.339
