Timestep,Value_at_Risk
2,0.0
3,0.01
100,0.21
200,0.44
2000,4.322
10000,19.901
20000,36.1105
40000,66.6725
60000,96.38749999999999
80000,120.23049999999999
100000,140.8015
200000,226.71450000000002
400000,346.458
600000,411.0959999999999
800000,472.30199999999996
1000000,513.9015
