Timestep,Value_at_Risk
2,0.01
3,0.01
100,0.40049999999999997
200,0.7805
2000,7.63
10000,37.513999999999996
20000,71.285
40000,133.237
60000,191.671
80000,252.6275
100000,290.99749999999995
200000,481.6039999999999
400000,755.3489999999999
600000,922.4035
800000,1034.37
1000000,1106.0919999999999
