Timestep,Value_at_Risk
2,0.1
3,0.1
100,3.56
200,6.719499999999999
2000,34.6215
10000,68.77250000000001
20000,99.91299999999998
40000,148.5645
60000,195.4835
80000,240.9505
100000,277.793
200000,427.36699999999996
400000,559.3834999999999
600000,629.3149999999998
800000,747.8394999999999
1000000,770.2574999999998
