Timestep,Value_at_Risk
2,0.0
3,0.05
100,1.801800000000001
200,3.961800000000001
2000,27.185900000000025
10000,67.64900000000003
20000,82.58490000000003
40000,102.79130000000002
60000,111.77780000000001
80000,113.40270000000002
100000,119.06190000000007
200000,141.11860000000007
400000,164.1361000000001
600000,167.9548000000001
800000,177.44940000000005
1000000,182.98710000000005
