Timestep,Value_at_Risk
2,0.05
3,0.05
100,2.2
200,4.007000000000003
2000,29.47000000000001
10000,71.66300000000003
20000,86.1015
40000,95.26050000000006
60000,102.70500000000004
80000,109.10600000000002
100000,116.34600000000007
200000,133.31000000000003
400000,140.50650000000002
600000,171.456
800000,172.8905000000001
1000000,180.27100000000007
