Timestep,Value_at_Risk
2,0.05
3,0.05
100,2.0515000000000008
200,4.352500000000001
2000,25.725500000000036
10000,70.91250000000001
20000,89.21750000000002
40000,96.47350000000004
60000,109.99100000000003
80000,117.32300000000001
100000,122.04850000000008
200000,134.60650000000004
400000,137.04650000000004
600000,141.90000000000003
800000,146.357
1000000,146.4145
