Timestep,Value_at_Risk
2,0.09
3,0.09
100,3.069000000000001
200,5.22
2000,23.688000000000002
10000,52.50600000000003
20000,55.998
40000,62.802000000000014
60000,68.922
80000,72.36900000000003
100000,72.63000000000002
200000,76.05
400000,76.914
600000,77.004
800000,77.87700000000002
1000000,78.49800000000002
