Timestep,Value_at_Risk
2,0.05
3,0.05
100,1.8050000000000004
200,3.65
2000,22.715
10000,52.94500000000001
20000,65.08000000000003
40000,85.24000000000001
60000,92.125
80000,97.78
100000,100.33000000000001
200000,105.63500000000006
400000,115.775
600000,116.73500000000001
800000,117.80000000000001
1000000,120.405
