Timestep,Value_at_Risk
2,0.1
3,0.1
100,4.001
200,6.905000000000003
2000,29.3
10000,55.794000000000054
20000,73.54400000000003
40000,79.11
60000,80.406
80000,82.625
100000,88.51100000000001
200000,90.92500000000001
400000,91.93200000000002
600000,95.65300000000002
800000,96.05100000000003
1000000,96.15400000000002
