Timestep,Value_at_Risk
2,0.05
3,0.14
100,4.663
200,8.631
2000,51.359000000000016
10000,110.36100000000002
20000,128.039
40000,146.35000000000002
60000,158.845
80000,163.049
100000,164.278
200000,170.686
400000,177.44900000000007
600000,179.38600000000005
800000,181.99800000000008
1000000,182.43500000000012
