Timestep,Value_at_Risk
2,0.09
3,0.14
100,5.151000000000001
200,9.991
2000,60.565
10000,118.98299999999999
20000,144.093
40000,160.798
60000,171.5365
80000,176.2265
100000,181.39350000000002
200000,199.6175
400000,204.39299999999997
600000,210.3575
800000,211.774
1000000,212.3215
