Timestep,Value_at_Risk
2,0.1
3,0.1
100,3.3
200,5.9
2000,25.840000000000003
10000,44.39000000000001
20000,49.440000000000005
40000,51.63
60000,55.18000000000001
80000,57.970000000000006
100000,58.95000000000001
200000,60.850000000000016
400000,63.48000000000001
600000,65.61999999999999
800000,65.82
1000000,66.30000000000003
