Timestep,Value_at_Risk
2,0.01
3,0.06
100,2.1405000000000003
200,4.0065
2000,28.166999999999998
10000,76.55550000000001
20000,112.2925
40000,167.4885
60000,205.635
80000,235.38299999999998
100000,281.2545
200000,399.32099999999997
400000,571.36
600000,657.493
800000,722.91
1000000,808.5595000000001
