Timestep,Value_at_Risk
2,0.0
3,0.09
100,3.6009000000000007
200,7.200900000000001
2000,27.300600000000014
10000,57.27150000000002
20000,67.3461
40000,74.8935
60000,74.9925
80000,80.8416
100000,80.8416
200000,86.5836
400000,91.76400000000002
600000,92.21580000000003
800000,92.21850000000002
1000000,92.59110000000003
