Timestep,Value_at_Risk
2,0.05
3,0.1
100,3.8
200,7.551
2000,52.956
10000,141.262
20000,191.20550000000003
40000,205.71699999999998
60000,223.73250000000002
80000,225.01400000000007
100000,226.20850000000004
200000,239.1715000000001
400000,254.07100000000005
600000,262.207
800000,271.211
1000000,271.56600000000003
