Timestep,Value_at_Risk
2,0.09
3,0.19
100,6.6594999999999995
200,12.35
2000,57.8975
10000,98.78549999999998
20000,108.59449999999998
40000,116.318
60000,121.8135
80000,122.4025
100000,129.618
200000,132.9285
400000,134.73350000000002
600000,135.5935
800000,135.774
1000000,136.3105
