Timestep,Value_at_Risk
2,0.05
3,0.09
100,3.6
200,6.754000000000002
2000,56.264900000000004
10000,138.52800000000005
20000,193.86130000000003
40000,219.98790000000002
60000,252.30010000000001
80000,279.4311000000001
100000,288.4981000000001
200000,320.3946
400000,321.98980000000006
600000,339.0237
800000,352.8009
1000000,353.1555
