Timestep,Value_at_Risk
2,0.09
3,0.14
100,2.2270000000000008
200,3.9920000000000004
2000,23.494
10000,107.22699999999999
20000,210.06900000000002
40000,390.62900000000013
60000,568.926
80000,736.855
100000,901.475
200000,1732.9930000000002
400000,3401.241
600000,5072.232
800000,6744.706
1000000,8410.759
