Timestep,Value_at_Risk
2,0.19
3,0.28
100,9.5
200,19.0
2000,189.14999999999998
10000,335.3880000000006
20000,341.02200000000056
40000,353.5520000000006
60000,365.3650000000006
80000,377.41600000000057
100000,392.4450000000005
200000,452.3050000000006
400000,576.7170000000006
600000,697.9130000000006
800000,828.0250000000005
1000000,954.8780000000006
