Timestep,Value_at_Risk
2,0.18
3,0.27
100,9.0
200,18.0
2000,179.7309
10000,896.4945
20000,1164.6513000000032
40000,1180.1547000000057
60000,1193.357700000006
80000,1204.341300000006
100000,1216.1475000000057
200000,1275.4026000000058
400000,1392.1443000000056
600000,1515.9159000000059
800000,1638.2232000000058
1000000,1760.8896000000059
