Timestep,Value_at_Risk
2,0.0
3,0.0
100,0.1
200,0.18800000000000067
2000,2.5380000000000424
10000,4.755000000000024
20000,14.312000000000051
40000,14.96300000000005
60000,20.928
80000,21.639
100000,22.274
200000,26.067000000000004
400000,32.639
600000,39.362
800000,45.71
1000000,52.29600000000001
