Timestep,Value_at_Risk
2,0.2
3,0.3
100,5.398900000000004
200,8.275100000000002
2000,44.50520000000004
10000,206.4104
20000,405.56050000000005
40000,793.1724
60000,1158.4669000000001
80000,1512.5247000000002
100000,1861.8611000000005
200000,3612.8499000000006
400000,7138.607
600000,10663.9777
800000,14153.3733
1000000,17682.3003
