Timestep,Value_at_Risk
2,0.19
3,0.28
100,4.502200000000001
200,7.114300000000007
2000,40.98310000000002
10000,192.7284
20000,384.6863
40000,760.2502000000001
60000,1133.2953
80000,1497.0345000000002
100000,1832.2366000000002
200000,3494.9728000000005
400000,6808.928400000001
600000,10157.308500000001
800000,13510.7505
1000000,16845.898999999998
