Timestep,Value_at_Risk
2,0.2
3,0.3
100,7.403000000000002
200,13.759500000000005
2000,75.19150000000003
10000,272.0615
20000,523.336
40000,1023.8665000000001
60000,1528.209
80000,2025.5964999999999
100000,2532.1765
200000,5045.003500000001
400000,10062.707
600000,15069.845000000001
800000,20089.569499999998
1000000,25084.4385
