Timestep,Value_at_Risk
2,0.01
3,0.02
100,0.48020000000000007
200,0.9802000000000001
2000,9.801100000000002
10000,49.3212
20000,98.8309
40000,198.101
60000,296.65819999999997
80000,395.5133
100000,494.8431
200000,989.3677
400000,1980.6423000000002
600000,2948.8732
800000,3933.8085
1000000,3980.0538000000006
