Timestep,Value_at_Risk
2,0.0
3,0.0
100,0.2514999999999999
200,0.4794999999999989
2000,12.1845
10000,18.056999999999977
20000,18.46149999999998
40000,19.055499999999977
60000,19.67799999999998
80000,20.292999999999978
100000,20.883499999999977
200000,24.23449999999998
400000,38.39299999999997
600000,44.98449999999997
800000,51.75649999999997
1000000,58.47149999999996
