Timestep,Value_at_Risk
2,0.01
3,0.02
100,0.5
200,1.0
2000,9.9801
10000,49.880100000000006
20000,99.69
40000,199.36010000000002
60000,299.0401
80000,398.6906
100000,498.38009999999997
200000,996.6401999999999
400000,1993.4406000000001
600000,2989.9312
800000,3986.4734
1000000,4983.061000000001
