Timestep,Value_at_Risk
2,0.02
3,0.03
100,0.71
200,1.401
2000,12.032000000000004
10000,51.45700000000001
20000,100.122
40000,181.17
60000,234.12400000000008
80000,282.88000000000005
100000,333.0670000000001
200000,581.851
400000,1084.09
600000,1583.335
800000,2082.431
1000000,2584.192
