Timestep,Value_at_Risk
2,0.2
3,0.3
100,10.0
200,20.0
2000,199.703
10000,994.724
20000,1370.2940000000033
40000,1384.4600000000037
60000,1397.3390000000038
80000,1411.0320000000038
100000,1425.6990000000035
200000,1491.1910000000034
400000,1622.7730000000038
600000,1754.3370000000036
800000,1889.1540000000036
1000000,2025.7870000000037
