Timestep,Value_at_Risk
2,0.0
3,0.0
100,0.3150000000000013
200,0.7650000000000012
2000,2.5600000000000005
10000,5.095000000000003
20000,6.985000000000003
40000,10.290000000000003
60000,14.195000000000007
80000,17.715
100000,20.96
200000,37.75000000000001
400000,71.915
600000,105.50500000000001
800000,138.45
1000000,173.02
