Timestep,Value_at_Risk
2,0.0
3,0.0
100,0.5
200,1.310000000000001
2000,2.5400000000000036
10000,5.61
20000,9.020000000000001
40000,16.110000000000003
60000,22.870000000000008
80000,29.350000000000005
100000,37.01
200000,70.21000000000001
400000,138.6
600000,206.83
800000,273.7
1000000,341.71
