Timestep,Value_at_Risk
2,0.0
3,0.0
100,3.043999999999998
200,7.534999999999998
2000,85.77699999999999
10000,441.151
20000,463.3199999999998
40000,469.0219999999998
60000,475.2339999999998
80000,481.3469999999998
100000,487.24249999999984
200000,517.1154999999999
400000,577.1654999999998
600000,637.3344999999998
800000,698.4044999999999
1000000,754.5549999999998
