Timestep,Value_at_Risk
2,0.2
3,0.3
100,5.173300000000002
200,12.0104
2000,50.98510000000002
10000,237.80990000000003
20000,470.60540000000003
40000,909.4462000000001
60000,1292.409
80000,1655.2971
100000,2018.5455000000002
200000,3842.3706
400000,7522.3061
600000,11190.3711
800000,14870.319599999999
1000000,18507.096999999998
