Timestep,Value_at_Risk
2,0.0
3,0.0
100,0.36
200,0.77
2000,3.2779999999999982
10000,9.177499999999998
20000,10.862999999999998
40000,13.762999999999998
60000,17.066499999999998
80000,19.949
100000,23.382499999999997
200000,38.6645
400000,67.6015
600000,97.2675
800000,128.041
1000000,159.138
