Timestep,Value_at_Risk
2,0.09
3,0.14
100,2.743800000000002
200,5.6816
2000,30.80780000000007
10000,114.21570000000003
20000,217.6997
40000,431.4327
60000,643.3805000000001
80000,814.2943000000002
100000,982.1341000000004
200000,1813.5256000000018
400000,3483.270000000002
600000,5145.951500000002
800000,6813.518900000002
1000000,8479.624400000002
