Timestep,Value_at_Risk
2,0.0
3,0.0
100,0.4
200,1.145000000000004
2000,10.265000000000013
10000,11.505000000000013
20000,14.790000000000012
40000,18.415000000000017
60000,21.710000000000022
80000,25.23000000000002
100000,29.155000000000012
200000,46.77
400000,80.135
600000,113.855
800000,145.20499999999998
1000000,177.47
