Timestep,Value_at_Risk
2,0.1
3,0.15
100,2.242000000000001
200,3.7560000000000016
2000,24.431
10000,115.686
20000,228.75300000000001
40000,442.6550000000001
60000,646.818
80000,836.8489999999999
100000,1017.1460000000001
200000,1932.8460000000002
400000,3762.654
600000,5605.4710000000005
800000,7439.585
1000000,9287.233
