Timestep,Value_at_Risk
2,0.1
3,0.11199999999999989
100,2.3009999999999997
200,4.8785
2000,25.878
10000,117.97749999999999
20000,233.191
40000,451.096
60000,664.8354999999999
80000,850.4725
100000,1032.6009999999999
200000,1951.9445
400000,3783.8775
600000,5625.044
800000,7462.439
1000000,9288.141
