Timestep,Value_at_Risk
2,0.06
3,0.06
100,2.3960000000000012
200,4.302000000000002
2000,24.950000000000003
10000,113.434
20000,224.34500000000003
40000,440.312
60000,632.526
80000,816.3430000000001
100000,1001.9050000000001
200000,1921.6499999999999
400000,3751.2999999999997
600000,5584.732
800000,7417.167
1000000,9246.597
