Timestep,Value_at_Risk
2,0.2
3,0.3
100,6.334700000000002
200,9.35880000000001
2000,56.109300000000026
10000,204.60760000000005
20000,403.2502
40000,776.7300000000001
60000,1151.4405
80000,1536.8586
100000,1896.2687000000003
200000,3646.3945000000003
400000,7147.188800000001
600000,10639.7648
800000,14113.889700000002
1000000,17622.8076
