Timestep,Value_at_Risk
2,0.0
3,0.0
100,0.5050000000000004
200,1.1100000000000052
2000,6.410000000000001
10000,16.89500000000001
20000,20.45500000000001
40000,26.700000000000003
60000,34.105000000000004
80000,40.965
100000,48.375
200000,81.985
400000,147.75
600000,213.675
800000,279.015
1000000,347.455
