Timestep,Value_at_Risk
2,0.18
3,0.27
100,9.0
200,18.0
2000,112.3200000000002
10000,114.61500000000021
20000,118.34100000000021
40000,124.9830000000002
60000,130.8690000000002
80000,138.0600000000002
100000,143.5320000000002
200000,174.21300000000016
400000,232.37100000000018
600000,289.8630000000002
800000,348.76800000000026
1000000,409.19400000000024
