Timestep,Value_at_Risk
2,0.2
3,0.3
100,5.555000000000001
200,10.205
2000,59.81
10000,263.32
20000,514.7900000000001
40000,1016.745
60000,1515.33
80000,2016.25
100000,2518.1800000000003
200000,5023.59
400000,10041.414999999999
600000,15044.95
800000,20051.940000000002
1000000,25062.435
