Timestep,Value_at_Risk
2,0.1
3,0.15
100,3.2115
200,5.535499999999999
2000,28.120999999999995
10000,116.5345
20000,232.7535
40000,458.91049999999996
60000,683.22
80000,882.3965000000001
100000,1064.677
200000,2000.7939999999999
400000,3826.6295
600000,5662.572
800000,7495.1185
1000000,9335.0265
