Timestep,Value_at_Risk
2,0.0
3,0.0
100,0.4480000000000007
200,1.3120000000000027
2000,5.304000000000019
10000,8.976000000000019
20000,10.748000000000012
40000,14.628000000000009
60000,18.00400000000001
80000,20.604000000000006
100000,23.13200000000001
200000,37.032000000000004
400000,63.028000000000006
600000,89.86
800000,116.50800000000001
1000000,142.8
