Timestep,Value_at_Risk
2,0.2
3,0.3
100,3.743999999999999
200,6.082
2000,42.818000000000005
10000,202.9075
20000,397.13399999999996
40000,784.523
60000,1156.1109999999999
80000,1520.738
100000,1872.0910000000001
200000,3621.011
400000,7120.0975
600000,10611.9915
800000,14123.940499999999
1000000,17620.7625
