Timestep,Value_at_Risk
2,0.1
3,0.19
100,2.7860000000000005
200,5.34
2000,39.413999999999994
10000,190.062
20000,370.012
40000,722.523
60000,1063.472
80000,1389.2840000000003
100000,1717.5390000000002
200000,3396.813
400000,6737.3330000000005
600000,10071.726
800000,13413.182999999999
1000000,16752.914999999997
