Timestep,Value_at_Risk
2,0.1
3,0.11199999999999989
100,2.6954999999999996
200,5.779499999999999
2000,31.402499999999996
10000,147.9685
20000,264.16200000000003
40000,462.202
60000,663.8495
80000,863.8
100000,1064.8265
200000,2064.0625
400000,4070.1355
600000,6070.920999999999
800000,8074.0625
1000000,10072.23
