Timestep,Value_at_Risk
2,0.2
3,0.3
100,7.402000000000001
200,11.060500000000006
2000,69.16300000000003
10000,269.3765000000001
20000,522.0485
40000,1027.3695
60000,1533.6254999999999
80000,2031.9905
100000,2538.0195
200000,5050.467
400000,10064.3375
600000,15069.292000000001
800000,20090.381
1000000,25096.9055
