Timestep,Value_at_Risk
2,0.08
3,0.12
100,4.0
200,8.0
2000,79.32199999999999
10000,394.62800000000004
20000,535.3599999999999
40000,537.6619999999999
60000,540.16
80000,542.2099999999999
100000,544.2039999999998
200000,558.3839999999999
400000,584.3159999999998
600000,611.4319999999999
800000,637.3179999999999
1000000,663.028
