Timestep,Value_at_Risk
2,0.2
3,0.20200000000000104
100,17.31900000000001
