Timestep,Value_at_Risk
2,0.0
3,0.0
100,0.4602000000000001
200,0.9602
2000,9.9401
10000,49.82
20000,99.6203
40000,199.1509
60000,298.7519
80000,398.3729
100000,498.0421
200000,996.1424
400000,1992.8420999999998
600000,2988.7778
800000,3985.1133
1000000,4981.1035
