Timestep,Value_at_Risk
2,0.0
3,0.0
100,0.15449999999999975
200,0.59
2000,9.413499999999999
10000,48.856
20000,98.19550000000001
40000,196.4615
60000,295.5645
80000,394.4245
100000,490.51849999999996
200000,634.9329999999999
400000,638.348
600000,641.6744999999999
800000,644.9994999999999
1000000,648.276
