Timestep,Value_at_Risk
2,0.18
3,0.27
100,9.0
200,18.0
2000,179.37
10000,642.4470000000009
20000,649.5210000000009
40000,661.4910000000009
60000,672.9120000000008
80000,684.5580000000009
100000,696.6090000000008
200000,759.1860000000008
400000,882.1890000000008
600000,1004.6070000000008
800000,1128.3120000000008
1000000,1249.479000000001
