Timestep,Value_at_Risk
2,0.18
3,0.27
100,5.54
200,9.928499999999998
2000,57.843499999999985
10000,231.35599999999997
20000,452.782
40000,889.003
60000,1323.674
80000,1760.999
100000,2194.223
200000,4370.0775
400000,8712.867
600000,13062.970000000001
800000,17397.573
1000000,21739.459
