Timestep,Value_at_Risk
2,0.2
3,0.3009999999999991
100,17.200999999999997
