Timestep,Value_at_Risk
2,0.2
3,0.3
100,10.0
200,20.0
2000,199.6
10000,993.338
20000,1021.1190000000005
40000,1033.7110000000005
60000,1045.9200000000005
80000,1059.4290000000005
100000,1070.9340000000004
200000,1140.5890000000004
400000,1271.0100000000004
600000,1402.2790000000005
800000,1535.8010000000004
1000000,1667.0970000000004
