Timestep,Value_at_Risk
2,0.10900000000000078
3,0.19
100,3.333
200,5.384000000000003
2000,40.248000000000005
10000,191.06
20000,373.29600000000005
40000,731.0300000000001
60000,1073.4270000000001
80000,1406.2790000000002
100000,1742.192
200000,3409.425
400000,6747.288
600000,10092.74
800000,13424.703
1000000,16758.782
