Timestep,Value_at_Risk
2,0.0
3,0.0
100,0.6419999999999999
200,1.3479999999999985
2000,6.503999999999999
10000,7.477999999999998
20000,8.825999999999999
40000,11.693999999999999
60000,17.022
80000,19.773999999999997
100000,21.853999999999996
200000,35.006
400000,62.488
600000,88.66799999999999
800000,116.06
1000000,143.896
