Timestep,Value_at_Risk
2,0.01
3,0.02
100,0.5
200,1.0
2000,9.98
10000,49.822
20000,99.65
40000,199.27
60000,298.89
80000,398.52099999999996
100000,498.192
200000,996.41
400000,1992.7150000000001
600000,2988.4809999999998
800000,3983.522
1000000,4965.986
