Timestep,Value_at_Risk
2,0.0
3,0.0
100,0.6434999999999992
200,1.8089999999999995
2000,3.0554999999999954
10000,6.029999999999995
20000,11.020499999999998
40000,16.109999999999996
60000,22.4145
80000,28.8405
100000,34.897499999999994
200000,66.56400000000001
400000,127.88099999999999
600000,189.63
800000,250.3215
1000000,311.6925
