Timestep,Value_at_Risk
2,0.0
3,0.0
100,0.2720000000000002
200,0.6450000000000005
2000,9.110000000000001
10000,48.125
20000,97.101
40000,195.432
60000,294.408
80000,389.08
100000,486.123
200000,772.2380000000007
400000,775.7150000000007
600000,778.7940000000008
800000,781.9120000000008
1000000,785.2720000000007
