Timestep,Value_at_Risk
2,0.18
3,0.27
100,5.5127000000000015
200,10.345000000000013
2000,83.52640000000001
10000,262.95360000000045
20000,480.9489000000004
40000,915.3038000000005
60000,1353.7282000000005
80000,1791.1949000000004
100000,2227.8004
200000,4391.639000000001
400000,8720.273700000002
600000,13071.6325
800000,17427.9909
1000000,21768.977700000003
