Timestep,Value_at_Risk
2,0.0
3,0.0
100,0.7740000000000004
200,1.6700000000000008
2000,7.690000000000011
10000,12.573000000000002
20000,15.052000000000008
40000,21.753000000000007
60000,27.684000000000008
80000,33.65600000000001
100000,39.97400000000001
200000,69.818
400000,128.948
600000,188.53200000000004
800000,250.02900000000002
1000000,310.41400000000004
