Timestep,Value_at_Risk
2,0.00010000000000005117
3,0.00020000000000010233
100,0.4701
200,0.9404000000000001
2000,9.8402
10000,49.5109
20000,99.1318
40000,198.3034
60000,297.4848
80000,396.7944
100000,495.34799999999996
200000,987.2659
400000,1979.795
600000,2961.8594
800000,3946.3098999999997
1000000,4937.161700000001
