Timestep,Value_at_Risk
2,0.2
3,0.3
100,10.0
200,20.0
2000,99.04000000000008
10000,102.02000000000007
20000,105.45000000000007
40000,111.64000000000009
60000,117.1800000000001
80000,125.1000000000001
100000,131.60000000000008
200000,164.60000000000008
400000,233.24000000000004
600000,300.52000000000004
800000,367.72
1000000,433.27
