Timestep,Value_at_Risk
2,0.0
3,0.0
100,0.15400000000000033
200,0.5670000000000006
2000,9.530000000000001
10000,49.272999999999996
20000,99.043
40000,198.605
60000,297.983
80000,397.57099999999997
100000,496.793
200000,993.499
400000,1976.88
600000,2971.4640000000004
800000,3337.486000000006
1000000,3394.74100000001
