Timestep,Value_at_Risk
2,0.0
3,0.0
100,1.7194999999999994
200,2.384499999999999
2000,4.288999999999999
10000,11.005999999999995
20000,19.260999999999992
40000,33.01249999999999
60000,44.70199999999999
80000,57.223
100000,69.62049999999999
200000,135.4935
400000,263.70599999999996
600000,393.8985
800000,521.4504999999999
1000000,650.7595
