Timestep,Value_at_Risk
2,0.0
3,0.0
100,0.21299999999999983
200,0.6074999999999996
2000,9.184
10000,48.5445
20000,98.0905
40000,195.5875
60000,294.634
80000,392.13
100000,491.47450000000003
200000,828.0624999999995
400000,845.0659999999988
600000,848.4784999999988
800000,851.6734999999989
1000000,855.0249999999988
