Timestep,Value_at_Risk
2,0.2
3,0.3
100,7.105500000000003
200,12.655500000000004
2000,68.36900000000009
10000,270.8830000000001
20000,525.4035
40000,1020.7800000000001
60000,1520.847
80000,2024.4845
100000,2534.5145
200000,5033.1545
400000,10063.6535
600000,15073.0105
800000,20091.6705
1000000,25087.465500000002
