Timestep,Value_at_Risk
2,0.0
3,0.0
100,0.07100000000000009
200,0.21100000000000008
2000,7.776000000000005
10000,46.99300000000001
20000,91.80200000000005
40000,150.03600000000037
60000,150.5910000000004
80000,150.8460000000004
100000,151.1600000000004
200000,152.7560000000004
400000,156.2450000000004
600000,159.6720000000004
800000,162.9940000000004
1000000,166.3620000000004
