Timestep,Value_at_Risk
2,0.19
3,0.28
100,9.5
200,19.0
2000,189.52100000000002
10000,946.3027999999999
20000,1005.8042000000046
40000,1029.47910000001
60000,1043.8877000000102
80000,1056.42200000001
100000,1068.78630000001
200000,1136.08600000001
400000,1263.55220000001
600000,1395.36950000001
800000,1518.66050000001
1000000,1646.4784000000102
