Timestep,Value_at_Risk
2,0.2
3,0.3
100,4.7459999999999996
200,7.421499999999999
2000,48.782000000000004
10000,231.549
20000,441.51099999999997
40000,807.3015
60000,1174.4795
80000,1544.356
100000,1906.594
200000,3753.6945
400000,7413.375
600000,11089.1725
800000,14753.738
1000000,18418.790500000003
