Timestep,Value_at_Risk
2,0.2
3,0.3
100,10.0
200,20.0
2000,199.6
10000,553.6799999999998
20000,561.2249999999998
40000,575.1949999999998
60000,588.7499999999998
80000,602.3649999999998
100000,616.0599999999997
200000,680.3099999999997
400000,816.2099999999998
600000,945.4799999999999
800000,1075.5649999999998
1000000,1209.8999999999999
