Timestep,Value_at_Risk
2,0.09
3,0.14
100,4.5
200,9.0
2000,89.159
10000,223.62949999999984
20000,225.08549999999985
40000,227.91599999999983
60000,230.59099999999984
80000,233.52499999999984
100000,236.09899999999982
200000,252.34849999999983
400000,281.3464999999998
600000,310.63699999999983
800000,340.4069999999998
1000000,369.7249999999998
