Timestep,Value_at_Risk
2,0.05
3,0.06300000000000025
100,2.3280000000000007
200,3.8390000000000013
2000,23.410000000000007
10000,107.65500000000002
20000,207.01300000000003
40000,392.52000000000004
60000,562.98
80000,730.0989999999999
100000,894.639
200000,1728.837
400000,3397.791
600000,5063.834
800000,6734.282
1000000,8398.793
