Timestep,Value_at_Risk
2,0.0
3,0.0
100,3.5550000000000024
200,6.91850000000001
2000,34.06200000000021
10000,35.71550000000021
20000,37.16900000000022
40000,40.223500000000215
60000,42.93800000000022
80000,46.641000000000226
100000,49.346000000000224
200000,65.93400000000022
400000,101.4560000000002
600000,136.0900000000002
800000,169.23400000000018
1000000,202.9820000000002
