Timestep,Value_at_Risk
2,0.19
3,0.28
100,3.6430000000000002
200,5.694000000000001
2000,39.834
10000,188.56200000000004
20000,364.57000000000005
40000,717.267
60000,1057.549
80000,1389.066
100000,1720.9990000000003
200000,3398.712
400000,6745.184
600000,10085.333
800000,13434.005
1000000,16762.912
