Timestep,Value_at_Risk
2,0.0
3,0.0
100,0.5744999999999997
200,1.6384999999999932
2000,4.854499999999999
10000,7.803999999999999
20000,10.9345
40000,17.086
60000,24.115499999999997
80000,30.561499999999988
100000,37.653
200000,69.787
400000,134.767
600000,199.3195
800000,264.3945
1000000,327.7835
