Timestep,Value_at_Risk
2,0.1
3,0.10500000000000043
100,2.678000000000001
200,4.453000000000001
2000,30.439
10000,143.726
20000,255.61400000000003
40000,457.676
60000,659.134
80000,859.178
100000,1055.4650000000001
200000,2056.355
400000,4055.957
600000,6057.442
800000,8055.972000000001
1000000,10059.064
