Timestep,Value_at_Risk
2,0.0
3,0.0
100,3.5130000000000066
200,8.463000000000006
2000,98.21150000000002
10000,496.65349999999995
20000,993.865
40000,1439.518000000003
60000,1456.0635000000077
80000,1469.4735000000112
100000,1476.429500000011
200000,1508.1065000000112
400000,1577.8015000000112
600000,1644.8505000000112
800000,1714.221500000011
1000000,1780.3675000000112
