Timestep,Value_at_Risk
2,0.0009000000000004604
3,0.09
100,1.1780000000000193
200,4.74700000000005
2000,8.442700000000041
10000,11.580700000000041
20000,15.940200000000035
40000,23.88560000000002
60000,29.886000000000028
80000,35.22980000000004
100000,42.456400000000045
200000,73.71120000000005
400000,137.82690000000005
600000,204.49510000000004
800000,270.1914
1000000,331.95570000000004
