Timestep,Value_at_Risk
2,0.09
3,0.14
100,3.0133000000000014
200,5.143100000000001
2000,33.288900000000005
10000,116.98440000000002
20000,223.48880000000003
40000,432.86089999999996
60000,649.0477
80000,837.6510000000001
100000,1052.6022
200000,1913.0702
400000,3578.4904
600000,5235.1827
800000,6899.798400000001
1000000,8562.930100000001
