Timestep,Value_at_Risk
2,0.1
3,0.15
100,3.3806000000000003
200,6.611400000000001
2000,31.49610000000002
10000,120.38680000000001
20000,235.1595
40000,462.7086
60000,677.7664
80000,859.3946000000002
100000,1049.5538000000006
200000,2068.267600000001
400000,3926.034900000001
600000,5747.110300000001
800000,7582.480400000001
1000000,9406.2383
