Timestep,Value_at_Risk
2,0.0018000000000009209
3,0.0027000000000013814
100,1.4265000000000392
200,4.813200000000068
2000,11.133900000000814
10000,13.560300000000815
20000,17.153100000000812
40000,23.27310000000081
60000,30.105000000000807
80000,35.2386000000008
100000,41.280300000000814
200000,74.2905000000008
400000,132.8823000000008
600000,193.3614000000008
800000,255.59100000000078
1000000,316.02960000000076
