Timestep,Value_at_Risk
2,0.2
3,0.3
100,4.2654999999999985
200,6.329499999999999
2000,42.201
10000,200.6285
20000,399.1205
40000,784.9944999999999
60000,1166.6885
80000,1516.6955
100000,1873.2514999999999
200000,3613.113
400000,7114.2045
600000,10610.3675
800000,14113.2655
1000000,17610.263000000003
