Timestep,Value_at_Risk
2,0.2
3,0.3
100,10.0
200,20.0
2000,199.2
10000,466.90000000000026
20000,473.80000000000024
40000,486.1200000000003
60000,499.40000000000026
80000,513.6100000000002
100000,527.3200000000003
200000,594.4700000000003
400000,726.3700000000002
600000,860.3700000000002
800000,984.6400000000002
1000000,1120.5400000000002
