Timestep,Value_at_Risk
2,0.0
3,0.0
100,3.8320000000000163
200,4.228000000000015
2000,7.110000000000005
10000,10.007000000000003
20000,13.010000000000005
40000,19.92500000000001
60000,27.71700000000001
80000,35.011
100000,42.601
200000,74.42200000000001
400000,145.80300000000003
600000,210.02
800000,278.105
1000000,347.93
