Timestep,Value_at_Risk
2,0.09
3,0.14
100,2.7728000000000015
200,4.760400000000005
2000,32.97830000000005
10000,116.5072
20000,219.12330000000003
40000,434.9637
60000,648.5367
80000,859.0232
100000,1051.0758
200000,1885.7010000000002
400000,3553.2295
600000,5213.7652
800000,6876.9962
1000000,8532.0088
