Timestep,Value_at_Risk
2,0.2
3,0.3
100,6.4510000000000005
200,11.415000000000008
2000,69.72000000000014
10000,273.84200000000016
20000,526.5100000000001
40000,1023.2980000000002
60000,1529.6480000000001
80000,2036.5815
100000,2538.953
200000,5042.5495
400000,10062.054
600000,15087.0035
800000,20100.222
1000000,25106.4255
