Timestep,Value_at_Risk
2,0.0
3,0.0
100,0.08200000000000017
200,0.12100000000000008
2000,2.1320000000000046
10000,6.90200000000004
20000,11.892000000000015
40000,14.074000000000002
60000,14.726
80000,15.450000000000003
100000,16.156000000000002
200000,19.466
400000,27.607000000000017
600000,34.414000000000016
800000,41.44500000000002
1000000,48.44700000000002
