Timestep,Value_at_Risk
2,0.0
3,0.0010000000000005115
100,1.4120000000000061
200,1.808000000000004
2000,6.304000000000002
10000,9.411000000000007
20000,12.523000000000012
40000,19.214000000000006
60000,26.022000000000013
80000,32.722000000000016
100000,39.811
200000,75.12400000000001
400000,145.33500000000004
600000,212.36300000000006
800000,280.82800000000003
1000000,347.874
