Timestep,Value_at_Risk
2,0.2
3,0.3
100,6.552499999999999
200,11.254999999999999
2000,65.53999999999999
10000,265.90749999999997
20000,517.4625000000001
40000,1016.135
60000,1517.83
80000,2022.5725
100000,2524.3624999999997
200000,5028.21
400000,10047.117499999998
600000,15060.92
800000,20073.3025
1000000,25079.642499999998
