Timestep,Value_at_Risk
2,0.09
3,0.14
100,4.5
200,9.0
2000,89.5104
10000,444.61800000000005
20000,513.0315000000015
40000,515.7837000000015
60000,518.7532000000015
80000,521.2278000000015
100000,523.8436000000014
200000,539.6283000000016
400000,570.0388000000015
600000,599.5993000000016
800000,630.7956000000014
1000000,660.3237000000015
