Timestep,Value_at_Risk
2,0.0
3,0.0
100,2.652500000000001
200,5.7170000000000085
2000,93.57350000000001
10000,120.30900000000085
20000,122.00850000000084
40000,125.30950000000085
60000,128.36550000000085
80000,131.71450000000087
100000,135.26750000000084
200000,153.19400000000084
400000,184.31050000000084
600000,217.69500000000085
800000,252.27000000000083
1000000,285.66150000000084
