Timestep,Value_at_Risk
2,0.0
3,0.0
100,0.9180000000000016
200,1.9170000000000023
2000,5.895000000000003
10000,10.890000000000008
20000,17.406000000000002
40000,29.36700000000001
60000,41.85
80000,53.74800000000001
100000,67.059
200000,128.169
400000,248.46300000000002
600000,369.747
800000,491.229
1000000,613.701
