Timestep,Value_at_Risk
2,0.2
3,0.3
100,3.903
200,6.135000000000002
2000,41.833000000000006
10000,199.41799999999998
20000,400.455
40000,778.3040000000001
60000,1140.5600000000002
80000,1494.722
100000,1840.734
200000,3594.664
400000,7099.302
600000,10600.116
800000,14102.875
1000000,17600.809
