Timestep,Value_at_Risk
2,0.1
3,0.15
100,3.273800000000002
200,6.321300000000001
2000,35.40880000000002
10000,150.4132
20000,292.0494
40000,509.29090000000036
60000,707.5048000000003
80000,908.8239000000003
100000,1105.3384000000005
200000,2103.7407000000003
400000,4105.8481
600000,6106.202
800000,8104.8593
1000000,10111.387499999999
