Timestep,Value_at_Risk
2,0.19
3,0.28
100,6.005200000000003
200,12.261700000000001
2000,43.56020000000007
10000,195.6114
20000,389.4827
40000,773.9377999999999
60000,1148.5148000000002
80000,1509.263
100000,1878.3801
200000,3545.9267
400000,6877.4263
600000,10214.233800000002
800000,13570.1085
1000000,16914.422799999997
