Timestep,Value_at_Risk
2,0.2
3,0.20499999999999974
100,4.281000000000001
200,6.711999999999999
2000,43.3255
10000,201.761
20000,395.988
40000,772.4825
60000,1122.0755
80000,1478.55
100000,1824.8065000000001
200000,3587.2625000000003
400000,7081.414000000001
600000,10595.045
800000,14105.457999999999
1000000,17603.099000000002
