Timestep,Value_at_Risk
2,0.1
3,0.15
100,3.2925
200,5.848999999999999
2000,32.42849999999999
10000,146.673
20000,257.1065
40000,460.09449999999987
60000,662.824
80000,863.3474999999999
100000,1065.1175
200000,2068.0
400000,4084.5425
600000,6079.3460000000005
800000,8082.4915
1000000,10077.805
