Timestep,Value_at_Risk
2,0.0
3,0.0
100,2.6724999999999985
200,4.042499999999998
2000,4.427499999999995
10000,7.119999999999998
20000,8.549999999999994
40000,11.734999999999996
60000,16.154999999999998
80000,19.875
100000,23.525
200000,40.669999999999995
400000,74.3775
600000,106.83
800000,140.3075
1000000,174.4725
