Timestep,Value_at_Risk
2,0.0
3,0.0
100,1.7799999999999954
200,6.774999999999996
2000,18.73749999999977
10000,31.14499999999971
20000,33.61749999999971
40000,40.08749999999971
60000,46.869999999999706
80000,52.5899999999997
100000,58.852499999999694
200000,95.79499999999972
400000,163.2624999999997
600000,231.34499999999971
800000,301.7624999999997
1000000,368.93499999999966
