Timestep,Value_at_Risk
2,0.02
3,0.03
100,0.7503000000000002
200,1.5204000000000002
2000,14.9409
10000,71.1282
20000,114.55810000000015
40000,198.33780000000007
60000,279.00460000000015
80000,377.8133000000001
100000,450.62930000000017
200000,704.1494000000013
400000,1205.9166000000018
600000,1708.773000000002
800000,2207.667800000002
1000000,2707.386100000002
