Timestep,Value_at_Risk
2,0.1
3,0.15
100,5.0
200,10.0
2000,98.95
10000,274.63000000000005
20000,276.11500000000007
40000,279.5400000000001
60000,282.81500000000005
80000,286.6700000000001
100000,290.81000000000006
200000,306.2250000000001
400000,338.2550000000001
600000,371.3550000000001
800000,402.9550000000001
1000000,437.3450000000001
