Timestep,Value_at_Risk
2,0.2
3,0.3
100,3.5010000000000012
200,6.155000000000002
2000,47.298
10000,215.37400000000002
20000,400.904
40000,767.424
60000,1137.011
80000,1504.002
100000,1868.467
200000,3708.194
400000,7376.5470000000005
600000,11055.679
800000,14720.422
1000000,18389.914
