Timestep,Value_at_Risk
2,0.0
3,0.0
100,0.6700000000000009
200,0.9590000000000007
2000,3.13
10000,6.056000000000007
20000,9.096000000000005
40000,15.808000000000003
60000,22.277000000000005
80000,28.98400000000001
100000,35.516000000000005
200000,68.87
400000,133.066
600000,197.149
800000,261.578
1000000,325.788
