Timestep,Value_at_Risk
2,0.2
3,0.3
100,3.976000000000001
200,6.101
2000,47.668000000000006
10000,222.91300000000004
20000,411.74700000000007
40000,785.1370000000001
60000,1150.951
80000,1517.3790000000001
100000,1887.037
200000,3723.671
400000,7396.3460000000005
600000,11065.02
800000,14733.282000000001
1000000,18404.858
