Timestep,Value_at_Risk
2,0.0010000000000005115
3,0.0015000000000007674
100,4.851500000000001
200,9.802000000000001
2000,97.953
10000,138.8880000000002
20000,139.94750000000022
40000,143.1460000000002
60000,146.4930000000002
80000,149.19950000000023
100000,152.5465000000002
200000,168.6655000000002
400000,204.8005000000002
600000,236.68550000000022
800000,270.31350000000026
1000000,303.1060000000002
