Timestep,Value_at_Risk
2,0.0
3,0.0
100,0.23
200,0.4140000000000003
2000,2.866000000000003
10000,6.1690000000000005
20000,7.933000000000001
40000,10.989
60000,14.229000000000001
80000,17.298000000000002
100000,20.331000000000003
200000,35.622
400000,65.50200000000001
600000,95.909
800000,125.84299999999999
1000000,155.637
