Timestep,Value_at_Risk
2,0.0
3,0.0
100,0.2790000000000008
200,0.9990000000000008
2000,2.529000000000001
10000,4.806000000000003
20000,8.37
40000,14.67
60000,20.61
80000,27.018
100000,33.435
200000,64.00800000000001
400000,126.495
600000,186.687
800000,248.454
1000000,309.816
