Timestep,Value_at_Risk
2,0.1
3,0.15
100,5.0
200,10.0
2000,98.05499999999999
10000,115.97500000000011
20000,117.2950000000001
40000,120.50500000000011
60000,123.85500000000012
80000,127.34500000000011
100000,130.24500000000015
200000,145.6600000000001
400000,178.41000000000014
600000,211.32500000000016
800000,244.63500000000013
1000000,277.8200000000001
