Timestep,Value_at_Risk
2,0.02
3,0.03
100,0.7604000000000002
200,1.5601
2000,14.672600000000001
10000,63.93740000000005
20000,131.61000000000007
40000,212.7153
60000,297.46110000000004
80000,382.38640000000004
100000,441.66510000000005
200000,700.3773
400000,1199.2725
600000,1699.4935
800000,2198.9126
1000000,2701.7413
