Timestep,Value_at_Risk
2,0.2
3,0.21
100,4.021
200,6.089
2000,46.980000000000004
10000,211.07700000000003
20000,396.15700000000004
40000,766.351
60000,1136.26
80000,1503.2559999999999
100000,1869.612
200000,3705.977
400000,7383.143
600000,11050.58
800000,14722.588000000002
1000000,18393.793
