Timestep,Value_at_Risk
2,0.02
3,0.03
100,0.7602000000000001
200,1.5503000000000002
2000,14.436800000000003
10000,61.72580000000005
20000,118.02440000000004
40000,211.0295
60000,302.1994000000001
80000,401.74390000000005
100000,501.6827
200000,865.9028000000006
400000,1368.9655000000014
600000,1872.5143000000014
800000,2370.8574000000017
1000000,2870.0531000000015
