Timestep,Value_at_Risk
2,0.30000000000000004
3,0.44999999999999996
100,19.87525
