Timestep,Value_at_Risk
2,0.44999999999999996
3,0.44999999999999996
100,17.45025
