Timestep,Value_at_Risk
2,0.05
3,0.09
100,3.15
200,6.12
2000,59.0936
10000,190.62720000000004
20000,231.67390000000026
40000,274.05450000000036
60000,301.81730000000033
80000,316.4261000000003
100000,343.2011000000002
200000,384.34230000000014
400000,387.6336000000002
600000,395.8326000000002
800000,404.83400000000006
1000000,404.8763000000001
