Timestep,Value_at_Risk
2,0.01
3,0.11
100,3.7619999999999996
200,7.281000000000001
2000,51.7975
10000,131.81949999999998
20000,182.01
40000,251.73649999999998
60000,300.516
80000,347.9765
100000,372.4715
200000,465.05699999999996
400000,548.1435
600000,594.3445
800000,600.9884999999999
1000000,622.283
