Timestep,Value_at_Risk
2,0.05
3,0.05
100,1.7401
200,3.4202
2000,31.3229
10000,109.26650000000002
20000,170.22310000000002
40000,221.39130000000006
60000,259.58430000000004
80000,308.64930000000015
100000,357.1996000000004
200000,479.0196
400000,684.1729000000001
600000,765.1549
800000,790.4874000000001
1000000,814.7674000000001
