Timestep,Value_at_Risk
2,0.14
3,0.14
100,4.71
200,9.29
2000,72.301
10000,173.88000000000002
20000,206.907
40000,235.243
60000,248.70800000000003
80000,255.12300000000002
100000,263.13
200000,278.354
400000,289.60400000000004
600000,295.44500000000005
800000,297.461
1000000,297.985
