Timestep,Value_at_Risk
2,0.0
3,0.05
100,1.75
200,3.45
2000,29.919000000000008
10000,90.36800000000004
20000,125.71100000000001
40000,133.23750000000018
60000,153.1850000000001
80000,160.3065000000001
100000,165.1615000000001
200000,167.3875000000002
400000,176.92500000000015
600000,179.08350000000019
800000,184.65200000000019
1000000,184.9015000000002
