Timestep,Value_at_Risk
2,0.01
3,0.1
100,3.39
200,6.601
2000,44.585
10000,104.821
20000,139.708
40000,187.04200000000003
60000,218.09400000000002
80000,252.47700000000003
100000,273.845
200000,386.22100000000006
400000,515.951
600000,607.4209999999999
800000,628.2360000000001
1000000,673.416
