Timestep,Value_at_Risk
2,0.05
3,0.05
100,1.7
200,3.5
2000,29.0025
10000,79.8175
20000,106.69
40000,137.0375
60000,146.665
80000,152.375
100000,160.3125
200000,177.4025
400000,190.84749999999997
600000,199.99749999999997
800000,202.70749999999998
1000000,205.08249999999998
