Timestep,Value_at_Risk
2,0.09
3,0.18
100,6.21
200,12.06
2000,97.7508
10000,198.60120000000006
20000,218.88810000000004
40000,239.11200000000008
60000,249.11010000000005
80000,253.09260000000012
100000,254.80260000000013
200000,262.1169000000001
400000,268.24230000000006
600000,272.36160000000007
800000,273.80520000000007
1000000,277.37820000000005
