Timestep,Value_at_Risk
2,0.1
3,0.2
100,6.7
200,13.2
2000,93.23
10000,173.46
20000,192.85000000000002
40000,208.15
60000,214.55
80000,218.51
100000,221.96000000000004
200000,228.19
400000,232.09
600000,232.54
800000,233.99
1000000,235.75
