Timestep,Value_at_Risk
2,0.06
3,0.06
100,2.0309999999999997
200,4.02
2000,34.985
10000,117.041
20000,170.979
40000,244.17300000000003
60000,296.406
80000,336.72700000000003
100000,358.8340000000001
200000,435.9960000000001
400000,501.62000000000006
600000,537.417
800000,558.093
1000000,581.145
