Timestep,Value_at_Risk
2,0.04
3,0.08
100,2.68
200,5.36
2000,49.815999999999995
10000,162.804
20000,217.40000000000006
40000,266.588
60000,289.468
80000,301.608
100000,312.43600000000004
200000,334.47200000000004
400000,355.38800000000003
600000,359.344
800000,362.32
1000000,365.06
