Timestep,Value_at_Risk
2,0.14
3,0.14
100,4.71
200,9.293999999999999
2000,73.25200000000001
10000,173.39700000000002
20000,211.645
40000,239.25000000000003
60000,249.442
80000,256.76800000000003
100000,261.47200000000004
200000,284.20000000000005
400000,293.808
600000,297.92100000000005
800000,298.452
1000000,300.28700000000003
