Timestep,Value_at_Risk
2,0.0
3,0.01
100,0.17
200,0.34
2000,3.713
10000,17.991
20000,35.32
40000,63.63600000000001
60000,84.67600000000002
80000,103.738
100000,135.576
200000,207.534
400000,319.6210000000001
600000,382.1670000000001
800000,424.58100000000013
1000000,464.37300000000005
