Timestep,Value_at_Risk
2,0.13
3,0.13
100,4.38
200,8.7
2000,69.703
10000,177.316
20000,224.79000000000002
40000,256.8430000000001
60000,279.98900000000003
80000,288.503
100000,292.489
200000,301.93300000000005
400000,325.0210000000001
600000,329.6640000000001
800000,330.39400000000006
1000000,335.095
