Timestep,Value_at_Risk
2,0.01
3,0.01
100,0.17
200,0.34
2000,3.6109999999999998
10000,18.596000000000004
20000,35.175
40000,63.900000000000006
60000,84.07900000000001
80000,111.43500000000003
100000,127.83100000000002
200000,196.67300000000003
400000,301.45700000000005
600000,363.23100000000005
800000,407.39100000000013
1000000,465.09600000000006
