Timestep,Value_at_Risk
2,0.15
3,0.15
100,5.052499999999999
200,9.95
2000,78.755
10000,185.01999999999998
20000,217.87749999999997
40000,239.10999999999999
60000,253.04
80000,262.7
100000,267.72499999999997
200000,289.1275
400000,297.84749999999997
600000,304.8275
800000,306.2625
1000000,307.09499999999997
