Timestep,Value_at_Risk
2,0.01
3,0.01
100,0.35
200,0.68
2000,7.0806000000000004
10000,37.0621
20000,70.96130000000001
40000,139.33030000000002
60000,195.24330000000012
80000,249.55240000000006
100000,308.9512
200000,531.5788
400000,867.7913
600000,1053.4644
800000,1147.0310000000002
1000000,1317.8368000000003
