Timestep,Value_at_Risk
2,0.01
3,0.01
100,0.18
200,0.36
2000,3.891700000000001
10000,20.9402
20000,37.950500000000005
40000,71.70080000000002
60000,98.57640000000002
80000,120.91360000000003
100000,153.07720000000006
200000,221.85290000000015
400000,352.2935
600000,434.0198
800000,501.0601000000001
1000000,544.2133
