Timestep,Value_at_Risk
2,0.01
3,0.06
100,2.0524999999999998
200,4.06
2000,36.452000000000005
10000,120.377
20000,179.35299999999998
40000,249.1
60000,297.905
80000,332.89199999999994
100000,380.977
200000,458.52799999999996
400000,521.5134999999999
600000,563.8485
800000,579.7125
1000000,589.2354999999999
