Timestep,Value_at_Risk
2,0.0
3,0.01
100,0.17
200,0.34
2000,3.5309999999999997
10000,17.772000000000002
20000,33.76500000000001
40000,62.865
60000,87.59600000000002
80000,116.891
100000,132.23000000000002
200000,214.747
400000,328.34400000000005
600000,376.6290000000001
800000,412.475
1000000,434.432
