Timestep,Value_at_Risk
2,0.0
3,0.04
100,1.36
200,2.72
2000,23.188000000000002
10000,72.57600000000001
20000,97.63199999999999
40000,121.78800000000001
60000,136.62
80000,143.248
100000,148.46400000000003
200000,164.04000000000002
400000,183.32800000000003
600000,186.24000000000004
800000,191.812
1000000,194.18800000000002
