Timestep,Value_at_Risk
2,0.1
3,0.1
100,3.4802
200,6.7010000000000005
2000,47.8112
10000,119.0631
20000,156.0009
40000,217.10500000000002
60000,266.4503
80000,304.10480000000007
100000,339.6596000000001
200000,462.66650000000044
400000,650.6963000000001
600000,707.8420000000001
800000,759.7670000000002
1000000,829.3689
