Timestep,Value_at_Risk
2,0.09
3,0.09
100,3.23
200,6.17
2000,41.04
10000,84.004
20000,95.674
40000,111.60100000000003
60000,116.01400000000001
80000,117.263
100000,120.65900000000006
200000,126.78200000000002
400000,132.72000000000003
600000,132.75800000000004
800000,136.738
1000000,137.318
