Timestep,Value_at_Risk
2,0.04
3,0.13
100,4.5006
200,8.7505
2000,70.33050000000001
10000,192.85510000000008
20000,250.1151000000001
40000,302.13480000000004
60000,302.3869
80000,304.7635000000001
100000,311.74920000000003
200000,340.58630000000005
400000,350.27590000000004
600000,351.3881000000001
800000,358.8335
1000000,362.78920000000005
