Timestep,Value_at_Risk
2,0.01
3,0.01
100,0.35
200,0.69
2000,7.112400000000002
10000,36.34550000000001
20000,74.04150000000001
40000,146.89690000000002
60000,192.7926000000001
80000,262.5364
100000,320.03380000000004
200000,559.8938000000002
400000,783.368900000001
600000,1091.4633000000003
800000,1104.2490000000014
1000000,1134.4378000000013
