Timestep,Value_at_Risk
2,0.0
3,0.09
100,3.15
200,6.12
2000,43.6563
10000,91.4616
20000,109.46610000000001
40000,114.77250000000001
60000,121.14630000000001
80000,123.81300000000003
100000,124.25220000000007
200000,138.37770000000003
400000,145.74150000000003
600000,146.0106
800000,146.28780000000003
1000000,146.3913000000001
