Timestep,Value_at_Risk
2,0.1
3,0.1
100,3.5010000000000003
200,6.8
2000,46.702000000000005
10000,101.506
20000,118.09100000000005
40000,132.07400000000004
60000,134.4540000000001
80000,138.92800000000008
100000,142.90300000000008
200000,156.45900000000003
400000,159.45400000000004
600000,159.55600000000004
800000,160.46400000000003
1000000,160.56600000000003
