Timestep,Value_at_Risk
2,0.04
3,0.04
100,1.3619999999999999
200,2.722
2000,24.689999999999998
10000,76.71600000000001
20000,108.84399999999998
40000,135.56799999999998
60000,148.89
80000,156.76999999999998
100000,161.972
200000,173.928
400000,192.646
600000,211.80599999999998
800000,215.186
1000000,218.40200000000002
