Timestep,Value_at_Risk
2,0.01
3,0.02
100,0.7
200,1.3702000000000003
2000,14.2021
10000,68.009
20000,127.37850000000003
40000,226.58020000000002
60000,332.22200000000015
80000,391.3378000000003
100000,428.9092000000002
200000,636.2047000000001
400000,717.3508000000003
600000,786.0409000000002
800000,806.6126000000004
1000000,902.4784000000001
