Timestep,Value_at_Risk
2,0.05
3,0.14
100,4.8005
200,9.4814
2000,75.7395
10000,182.60280000000003
20000,232.34150000000002
40000,253.64500000000004
60000,276.4211000000001
80000,283.98600000000005
100000,286.8899
200000,301.20590000000004
400000,313.67580000000004
600000,323.1243
800000,325.5717000000001
1000000,325.84460000000007
