Timestep,Value_at_Risk
2,0.0
3,0.09
100,3.06
200,6.03
2000,42.4935
10000,84.45599999999999
20000,99.153
40000,109.5435
60000,114.33149999999999
80000,116.68049999999998
100000,121.07249999999999
200000,127.06649999999999
400000,132.075
600000,134.4915
800000,135.54
1000000,138.744
