Timestep,Value_at_Risk
2,0.09
3,0.19
100,6.36
200,12.73
2000,93.63649999999998
10000,183.39749999999998
20000,212.928
40000,230.565
60000,233.27249999999998
80000,237.671
100000,240.117
200000,247.37999999999997
400000,259.35
600000,259.93399999999997
800000,260.3425
1000000,263.2115
