Timestep,Value_at_Risk
2,0.1
3,0.1
100,3.5
200,6.7
2000,44.4
10000,84.08499999999998
20000,98.28999999999999
40000,114.58999999999999
60000,119.11
80000,119.505
100000,120.20499999999998
200000,127.88999999999997
400000,135.62
600000,140.77499999999998
800000,142.70999999999998
1000000,143.005
