Timestep,Value_at_Risk
2,0.11
3,0.11
100,3.73
200,7.3305
2000,51.423
10000,124.273
20000,178.217
40000,245.84449999999998
60000,282.67999999999995
80000,315.692
100000,327.54299999999995
200000,411.03749999999997
400000,513.31
600000,565.08
800000,582.6675
1000000,591.3195
