Timestep,Value_at_Risk
2,0.01
3,0.01
100,0.26010000000000005
200,0.5301000000000001
2000,5.894300000000002
10000,29.72070000000001
20000,59.92490000000001
40000,109.95060000000004
60000,139.31230000000005
80000,192.1456
100000,216.50650000000016
200000,378.3337000000002
400000,487.6543000000002
600000,628.083600000001
800000,743.9855000000005
1000000,800.7980000000008
