Timestep,Value_at_Risk
2,0.04
3,0.08
100,2.7204000000000006
200,5.44
2000,53.00880000000001
10000,180.43200000000007
20000,250.37760000000003
40000,292.73800000000006
60000,309.86
80000,332.2832000000002
100000,335.36560000000026
200000,362.03320000000025
400000,419.4108000000001
600000,421.64000000000016
800000,422.5508000000001
1000000,432.2924000000001
