Timestep,Value_at_Risk
2,0.02
3,0.02
100,0.5102000000000001
200,1.0202000000000002
2000,10.861
10000,56.60140000000001
20000,102.05920000000003
40000,201.9425
60000,262.73470000000003
80000,344.1941
100000,389.9234
200000,703.6296000000002
400000,849.5967000000002
600000,908.9439000000003
800000,1023.3376000000002
1000000,1136.7325000000005
