Timestep,Value_at_Risk
2,0.06
3,0.06
100,1.93
200,3.7404000000000006
2000,33.0021
10000,105.20050000000002
20000,149.8802000000001
40000,218.2030000000001
60000,264.10270000000014
80000,307.22790000000003
100000,347.8654000000001
200000,516.2161000000001
400000,640.6992000000005
600000,736.7233
800000,771.8846
1000000,834.6954000000003
