Timestep,Value_at_Risk
2,0.09
3,0.1
100,3.4
200,6.790800000000001
2000,49.7997
10000,112.13320000000002
20000,151.3932
40000,207.20210000000006
60000,246.94340000000003
80000,289.99060000000003
100000,328.77630000000005
200000,467.0586
400000,713.2717000000001
600000,749.9598000000015
800000,846.2315000000012
1000000,901.458900000001
