Timestep,Value_at_Risk
2,0.1
3,0.1
100,3.6601000000000004
200,7.1409
2000,52.52680000000001
10000,115.21790000000003
20000,153.85650000000004
40000,218.29550000000003
60000,249.57120000000006
80000,300.266
100000,347.1391000000001
200000,470.54760000000005
400000,612.7343000000005
600000,706.4398000000002
800000,755.9325000000006
1000000,785.9325000000003
