Timestep,Value_at_Risk
2,0.01
3,0.1
100,3.6710000000000003
200,7.0301
2000,51.10080000000003
10000,116.6042
20000,147.91049999999998
40000,204.7023
60000,246.1434000000001
80000,282.67580000000004
100000,316.9556
200000,456.8760000000001
400000,638.3509000000009
600000,735.4211000000009
800000,890.7446000000007
1000000,928.4248000000005
