Timestep,Value_at_Risk
2,0.1
3,0.1
100,3.4010000000000002
200,6.8005
2000,65.0095
10000,188.5430000000001
20000,239.2080000000001
40000,291.7025
60000,321.86650000000003
80000,326.61400000000003
100000,334.83750000000003
200000,342.4595000000001
400000,367.62750000000005
600000,370.6430000000001
800000,374.2510000000001
1000000,375.6690000000001
