Timestep,Value_at_Risk
2,0.05
3,0.05
100,1.7505000000000002
200,3.4505000000000003
2000,29.810500000000005
10000,83.85500000000002
20000,103.72700000000002
40000,135.33900000000003
60000,155.66500000000002
80000,159.9240000000001
100000,162.88250000000014
200000,193.40900000000002
400000,195.1005000000001
600000,195.5480000000001
800000,199.27050000000008
1000000,200.80700000000007
