Timestep,Value_at_Risk
2,0.05
3,0.05
100,1.7
200,3.4050000000000002
2000,28.465
10000,75.82
20000,102.12000000000003
40000,130.18
60000,143.84500000000003
80000,148.26500000000001
100000,154.27
200000,167.78500000000003
400000,176.63000000000008
600000,185.95000000000002
800000,188.15500000000003
1000000,188.61000000000004
