Timestep,Value_at_Risk
2,0.05
3,0.06
100,1.9003
200,3.7707
2000,35.856100000000005
10000,109.73630000000001
20000,158.97650000000002
40000,207.2589
60000,248.23730000000003
80000,300.6965
100000,335.2653000000001
200000,474.72030000000007
400000,661.2818
600000,723.2198000000003
800000,789.4646000000005
1000000,917.3767000000003
