Timestep,Value_at_Risk
2,0.01
3,0.01
100,0.34
200,0.68
2000,6.952
10000,34.59
20000,68.31
40000,130.566
60000,184.39100000000002
80000,239.39500000000004
100000,287.905
200000,474.425
400000,718.199
600000,876.839
800000,975.7360000000001
1000000,1029.9230000000002
