Timestep,Value_at_Risk
2,0.01
3,0.1
100,3.4802
200,6.700900000000001
2000,48.4019
10000,113.7656
20000,152.9115
40000,210.83040000000003
60000,267.54420000000005
80000,305.73900000000003
100000,360.3122
200000,475.2204000000001
400000,709.5651000000001
600000,793.0169000000008
800000,828.6796000000005
1000000,859.5039000000011
