Timestep,Value_at_Risk
2,0.05
3,0.05
100,1.75
200,3.4703000000000004
2000,31.447800000000004
10000,102.17250000000004
20000,151.7076
40000,228.10520000000005
60000,269.03760000000005
80000,322.3754
100000,344.10540000000003
200000,497.0337000000002
400000,603.1135
600000,730.4582
800000,797.3276000000001
1000000,831.1674000000002
