Timestep,Value_at_Risk
2,0.05
3,0.1
100,3.45
200,6.9
2000,65.65050000000001
10000,209.07800000000003
20000,275.85550000000006
40000,339.2345
60000,372.36650000000003
80000,379.976
100000,386.6050000000001
200000,429.183
400000,448.60000000000014
600000,454.3825000000002
800000,456.0735000000002
1000000,457.5645000000002
