Timestep,Value_at_Risk
2,0.0
3,0.04
100,1.4004
200,2.8004000000000002
2000,26.5224
10000,82.41880000000005
20000,108.5176000000001
40000,151.76080000000002
60000,172.05000000000007
80000,189.7652
100000,190.84240000000003
200000,224.17600000000007
400000,231.47160000000014
600000,247.2668000000001
800000,259.75720000000007
1000000,263.55960000000005
