Timestep,Value_at_Risk
2,0.01
3,0.01
100,0.35
200,0.6901
2000,7.281500000000001
10000,37.3371
20000,72.2209
40000,136.6201
60000,197.64120000000003
80000,259.2573
100000,326.30190000000005
200000,593.2579000000001
400000,863.3334000000006
600000,1015.0149000000005
800000,1078.9633000000006
1000000,1137.9967000000006
