Timestep,Value_at_Risk
2,0.0
3,0.05
100,1.7505000000000002
200,3.65
2000,31.207000000000004
10000,92.26050000000001
20000,121.17600000000006
40000,160.55800000000005
60000,171.40550000000016
80000,189.82050000000015
100000,212.84950000000003
200000,228.11
400000,241.36350000000007
600000,247.69300000000015
800000,268.1910000000001
1000000,268.64150000000006
