Timestep,Value_at_Risk
2,0.1
3,0.15
100,5.05
200,9.95
2000,76.53
10000,175.22
20000,207.26
40000,233.68
60000,243.87000000000003
80000,251.69000000000003
100000,253.91500000000002
200000,271.895
400000,283.43
600000,285.0
800000,285.33000000000004
1000000,289.65
