Timestep,Value_at_Risk
2,0.09
3,0.14
100,4.71
200,9.321
2000,73.87200000000001
10000,175.498
20000,219.247
40000,252.67000000000002
60000,268.011
80000,274.2900000000001
100000,281.062
200000,296.40500000000003
400000,301.609
600000,306.94700000000006
800000,310.622
1000000,312.0450000000001
