Timestep,Value_at_Risk
2,0.1
3,0.2
100,7.0
200,13.501000000000001
2000,99.46300000000004
10000,188.31400000000002
20000,212.79800000000003
40000,228.58400000000003
60000,239.13600000000002
80000,243.32200000000003
100000,244.14200000000002
200000,246.68400000000008
400000,249.9280000000001
600000,252.7020000000001
800000,252.7020000000001
1000000,253.0980000000001
