Timestep,Value_at_Risk
2,0.2
3,0.2
100,6.8020000000000005
200,13.302000000000001
2000,102.54800000000003
10000,193.32000000000002
20000,212.626
40000,230.019
60000,233.92900000000003
80000,236.50700000000006
100000,237.90000000000006
200000,246.00800000000007
400000,250.74400000000006
600000,254.02800000000008
800000,256.60800000000006
1000000,256.7310000000001
