Timestep,Value_at_Risk
2,0.05
3,0.14
100,4.801
200,9.5204
2000,75.60480000000001
10000,188.58720000000008
20000,227.5494000000001
40000,250.07350000000014
60000,276.3555
80000,280.6594
100000,286.36170000000004
200000,306.3867
400000,318.4008
600000,334.05580000000003
800000,335.4936
1000000,336.80180000000007
