Timestep,Value_at_Risk
2,0.09
3,0.14
100,4.8505
200,9.48
2000,79.63640000000001
10000,191.94330000000002
20000,228.78160000000003
40000,275.2549
60000,289.1927000000001
80000,291.7723000000001
100000,297.4631000000001
200000,308.71420000000006
400000,329.2873
600000,330.61240000000004
800000,340.4494
1000000,341.2018
