Timestep,Value_at_Risk
2,0.01
3,0.06
100,1.9
200,3.711
2000,31.947000000000003
10000,100.328
20000,146.446
40000,204.10200000000003
60000,242.31400000000002
80000,280.0060000000001
100000,322.461
200000,429.949
400000,567.9770000000001
600000,646.721
800000,708.312
1000000,737.9150000000002
