Timestep,Value_at_Risk
2,0.09
3,0.1
100,3.4009000000000005
200,6.8004
2000,47.666
10000,121.91940000000005
20000,164.54710000000006
40000,207.8502000000001
60000,264.91890000000006
80000,298.4437
100000,331.76310000000007
200000,489.9846
400000,649.5122000000001
600000,748.5072000000001
800000,772.2403000000003
1000000,804.6166000000005
