Timestep,Value_at_Risk
2,0.01
3,0.02
100,0.51
200,1.0110000000000001
2000,10.332
10000,49.342
20000,92.74100000000001
40000,174.375
60000,233.50000000000003
80000,291.33000000000004
100000,344.078
200000,530.9250000000002
400000,729.4660000000001
600000,853.628
800000,933.9770000000002
1000000,981.7460000000003
