Timestep,Value_at_Risk
2,0.01
3,0.02
100,0.53
200,1.01
2000,10.3455
10000,50.535000000000004
20000,98.65400000000001
40000,183.84949999999998
60000,257.05999999999995
80000,313.01249999999993
100000,365.4319999999999
200000,595.016
400000,762.7825
600000,898.8349999999998
800000,925.6034999999998
1000000,988.1164999999999
