Timestep,Value_at_Risk
2,0.1
3,0.1
100,3.5705
200,7.03
2000,47.384
10000,108.99900000000001
20000,142.6055
40000,193.96099999999998
60000,243.41549999999998
80000,277.94100000000003
100000,314.854
200000,441.314
400000,559.9309999999999
600000,618.454
800000,675.384
1000000,704.3584999999999
