Timestep,Value_at_Risk
2,0.09
3,0.09
100,3.06
200,6.03
2000,41.3235
10000,86.193
20000,102.35249999999999
40000,117.18900000000001
60000,120.35249999999999
80000,122.15249999999999
100000,123.96149999999999
200000,130.374
400000,135.7785
600000,136.17899999999997
800000,137.21849999999998
1000000,138.08699999999996
