Timestep,Value_at_Risk
2,0.09
3,0.19
100,6.551
200,12.731000000000002
2000,101.48660000000001
10000,195.63350000000005
20000,225.3409
40000,244.0766
60000,251.1667000000001
80000,263.73500000000007
100000,264.71830000000006
200000,270.9457000000001
400000,274.84280000000007
600000,278.4851000000001
800000,279.1461000000001
1000000,281.3171000000001
