Timestep,Value_at_Risk
2,0.04
3,0.04
100,1.36
200,2.72
2000,23.884
10000,71.21600000000001
20000,97.78800000000003
40000,132.076
60000,141.02800000000005
80000,148.84000000000006
100000,155.072
200000,170.948
400000,182.308
600000,189.70000000000002
800000,199.28000000000003
1000000,201.184
