Timestep,Value_at_Risk
2,0.01
3,0.06
100,2.1
200,4.1002
2000,37.4161
10000,126.6225
20000,203.37640000000002
40000,279.2306000000001
60000,338.2871000000002
80000,398.25430000000006
100000,424.9094000000001
200000,524.4548
400000,581.4331000000003
600000,591.4248000000002
800000,640.6612000000003
1000000,704.3860999999999
