Timestep,Value_at_Risk
2,0.23366666666666638
3,0.3669999999999997
100,12.037666666666661
