Timestep,Value_at_Risk
2,0.48148148148148145
3,0.5777777777777777
100,17.37762962962963
