Timestep,Value_at_Risk
2,0.2926296296296296
3,0.44077777777777777
100,14.375296296296296
