Timestep,Value_at_Risk
2,0.01
3,0.01
100,0.35
200,0.7
2000,7.136
10000,30.764000000000006
20000,54.821000000000005
40000,90.88700000000001
60000,114.03200000000004
80000,131.00500000000002
100000,146.66800000000003
200000,213.882
400000,263.553
600000,280.49500000000006
800000,309.706
1000000,327.16700000000014
