Timestep,Value_at_Risk
2,0.15
3,0.15
100,5.755000000000001
200,10.180000000000003
2000,40.240000000000016
10000,72.28500000000001
20000,82.57000000000001
40000,95.20500000000003
60000,105.495
80000,106.80000000000001
100000,106.97500000000002
200000,114.35000000000001
400000,120.76000000000003
600000,127.61
800000,131.525
1000000,133.10500000000002
