Timestep,Value_at_Risk
2,0.0
3,0.1
100,4.005
200,5.444999999999998
2000,17.454999999999995
10000,31.82
20000,36.515
40000,40.04499999999999
60000,44.91499999999999
80000,45.964999999999996
100000,48.915
200000,51.79499999999999
400000,56.68
600000,58.405
800000,58.53
1000000,59.025
