Timestep,Value_at_Risk
2,0.05
3,0.09
100,4.234500000000001
200,7.516999999999997
2000,43.4005
10000,90.06099999999999
20000,111.65650000000001
40000,134.82899999999998
60000,145.11800000000002
80000,146.18699999999998
100000,149.0215
200000,165.44899999999998
400000,171.3935
600000,177.32449999999997
800000,185.0105
1000000,186.40749999999997
