Timestep,Value_at_Risk
2,0.1
3,0.1
100,3.083
200,5.600000000000001
2000,22.181
10000,51.235000000000014
20000,73.465
40000,114.539
60000,144.82500000000002
80000,166.621
100000,178.17400000000006
200000,247.126
400000,347.37500000000017
600000,372.5460000000001
800000,393.839
1000000,394.4750000000001
