Timestep,Value_at_Risk
2,0.05
3,0.15
100,5.570000000000001
200,9.830000000000004
2000,39.635000000000005
10000,66.45000000000002
20000,77.63500000000002
40000,91.22
60000,97.32
80000,99.50500000000001
100000,100.08000000000001
200000,109.86500000000004
400000,121.69000000000004
600000,127.92500000000001
800000,129.85500000000002
1000000,130.35500000000002
