Timestep,Value_at_Risk
2,0.1
3,0.1
100,6.032200000000016
200,8.676700000000015
2000,24.10580000000002
10000,53.11410000000008
20000,85.13300000000005
40000,149.7213
60000,195.94030000000004
80000,224.64970000000037
100000,233.84550000000067
200000,362.31380000000007
400000,388.51770000000045
600000,414.2092000000003
800000,458.65630000000033
1000000,473.3426000000003
