Timestep,Value_at_Risk
2,0.01
3,0.06
100,2.806999999999999
200,4.938999999999999
2000,24.160999999999994
10000,72.4055
20000,101.31049999999999
40000,140.78749999999997
60000,180.47749999999996
80000,199.88849999999996
100000,230.50649999999996
200000,311.7835
400000,366.4604999999999
600000,404.56499999999994
800000,433.3779999999999
1000000,472.26699999999994
