Timestep,Value_at_Risk
2,0.15
3,0.15
100,6.5024999999999995
200,11.159999999999997
2000,47.2275
10000,71.86999999999999
20000,81.955
40000,91.38999999999999
60000,98.55
80000,107.63999999999999
100000,107.735
200000,115.88
400000,123.2525
600000,124.005
800000,127.5275
1000000,128.04999999999998
