Timestep,Value_at_Risk
2,0.1
3,0.15
100,5.415000000000002
200,10.190000000000003
2000,40.735000000000014
10000,74.405
20000,86.615
40000,97.69500000000001
60000,100.94000000000001
80000,102.73000000000002
100000,106.67
200000,116.62500000000003
400000,127.16
600000,129.84000000000003
800000,133.71000000000004
1000000,138.52
