Timestep,Value_at_Risk
2,0.01
3,0.02
100,0.9601000000000001
200,1.8809000000000005
2000,17.267200000000013
10000,74.73180000000002
20000,129.9618
40000,207.61030000000005
60000,237.67360000000022
80000,271.5733000000001
100000,288.8075
200000,365.07220000000007
400000,431.38920000000024
600000,511.6564000000001
800000,519.5486000000001
1000000,546.5607000000001
