Timestep,Value_at_Risk
2,0.09
3,0.19
100,6.361000000000001
200,12.731900000000001
2000,87.86070000000004
10000,159.36630000000008
20000,174.11010000000007
40000,201.99830000000006
60000,213.93030000000005
80000,217.17640000000006
100000,225.71220000000005
200000,244.64190000000002
400000,257.56020000000007
600000,261.17590000000007
800000,267.98740000000004
1000000,273.94030000000004
