Timestep,Value_at_Risk
2,0.09
3,0.18
100,8.641800000000002
200,17.6418
2000,49.61340000000001
10000,74.79360000000001
20000,81.09090000000005
40000,82.62000000000019
60000,92.27070000000015
80000,96.14340000000014
100000,96.50250000000014
200000,102.95640000000013
400000,111.05730000000014
600000,111.33810000000014
800000,111.89340000000014
1000000,112.96260000000015
