Timestep,Value_at_Risk
2,0.05
3,0.05
100,3.308500000000004
200,6.921000000000011
2000,25.90400000000003
10000,59.73600000000002
20000,70.9625
40000,74.42350000000006
60000,76.75000000000006
80000,80.91550000000002
100000,87.79100000000005
200000,108.00050000000003
400000,114.25150000000008
600000,127.89050000000002
800000,128.20550000000003
1000000,128.20600000000005
