Timestep,Value_at_Risk
2,0.01
3,0.01
100,0.18
200,0.38
2000,3.982000000000001
10000,18.760300000000004
20000,38.2344
40000,79.18180000000001
60000,99.8615
80000,119.32220000000005
100000,146.81640000000002
200000,223.2475000000001
400000,325.49610000000007
600000,394.0166000000002
800000,454.4881000000002
1000000,460.6846000000003
