Timestep,Value_at_Risk
2,0.04
3,0.08
100,3.52
200,6.04
2000,39.864000000000004
10000,100.308
20000,117.09200000000003
40000,139.53200000000004
60000,152.04000000000002
80000,156.644
100000,159.492
200000,168.96400000000003
400000,183.308
600000,195.07999999999998
800000,197.81199999999998
1000000,199.88800000000003
