Timestep,Value_at_Risk
2,0.05
3,0.05
100,1.8
200,3.601500000000001
2000,30.52250000000001
10000,83.40650000000001
20000,103.79150000000006
40000,129.26600000000002
60000,145.27900000000002
80000,151.89350000000013
100000,175.51250000000007
200000,204.59950000000003
400000,215.60600000000008
600000,226.49300000000008
800000,238.55050000000003
1000000,239.89100000000002
