Timestep,Value_at_Risk
2,0.2
3,0.2
100,6.6
200,13.1
2000,82.41000000000001
10000,138.94
20000,159.13000000000002
40000,176.82000000000002
60000,184.5
80000,191.60999999999999
100000,194.75
200000,211.38
400000,225.64000000000001
600000,236.8
800000,244.12000000000003
1000000,247.77
