Timestep,Value_at_Risk
2,0.1
3,0.1
100,3.1300000000000026
200,4.740000000000004
2000,15.560000000000015
10000,26.73
20000,31.140000000000004
40000,36.220000000000006
60000,37.24000000000001
80000,40.150000000000006
100000,40.64000000000001
200000,45.33000000000002
400000,48.41
600000,48.84000000000002
800000,50.050000000000004
1000000,50.06
