Timestep,Value_at_Risk
2,0.1
3,0.1
100,4.9
200,9.9
2000,68.31850000000016
10000,139.68000000000035
20000,142.35300000000038
40000,156.80700000000027
60000,160.91550000000026
80000,166.90500000000023
100000,177.4980000000002
200000,211.65300000000002
400000,215.96450000000004
600000,220.39450000000005
800000,223.66700000000003
1000000,223.66800000000003
