Timestep,Value_at_Risk
2,0.05
3,0.06
100,2.0801000000000003
200,4.191000000000001
2000,35.9219
10000,118.48800000000001
20000,169.1228
40000,239.82800000000006
60000,287.13450000000006
80000,308.81410000000005
100000,340.3982
200000,424.9311000000003
400000,471.3109000000003
600000,539.8175000000001
800000,595.1284
1000000,612.8252
