Timestep,Value_at_Risk
2,0.05
3,0.1
100,4.45
200,7.639999999999997
2000,43.5725
10000,89.90499999999997
20000,118.51499999999999
40000,131.39
60000,139.605
80000,143.7625
100000,144.59749999999997
200000,153.6375
400000,170.935
600000,179.67
800000,186.9475
1000000,187.0925
