Timestep,Value_at_Risk
2,0.05
3,0.06
100,1.87
200,3.72
2000,28.952
10000,86.83900000000001
20000,124.536
40000,176.49099999999999
60000,216.889
80000,242.99700000000007
100000,263.834
200000,359.128
400000,463.665
600000,526.4100000000001
800000,567.4830000000001
1000000,612.8350000000002
