Timestep,Value_at_Risk
2,0.13
3,0.13
100,5.83
200,9.877499999999998
2000,40.474999999999994
10000,76.8
20000,91.9995
40000,105.05250000000001
60000,117.20049999999999
80000,120.20549999999999
100000,122.24399999999999
200000,135.28399999999993
400000,144.0914999999999
600000,150.41799999999995
800000,157.38649999999993
1000000,157.82399999999993
