Timestep,Value_at_Risk
2,0.04
3,0.08
100,2.7608
200,5.6
2000,49.752400000000016
10000,152.6224
20000,212.92759999999998
40000,239.73400000000004
60000,274.39200000000005
80000,283.04920000000004
100000,288.45880000000005
200000,335.72760000000005
400000,361.8496
600000,380.28279999999995
800000,403.77920000000006
1000000,406.0720000000001
