Timestep,Value_at_Risk
2,0.09
3,0.18
100,6.03
200,12.06
2000,78.66449999999999
10000,148.3515
20000,171.288
40000,192.51899999999998
60000,203.94899999999998
80000,209.7225
100000,214.254
200000,231.327
400000,252.6345
600000,258.66900000000004
800000,267.86249999999995
1000000,270.72
