Timestep,Value_at_Risk
2,0.01
3,0.02
100,0.51
200,1.0310000000000001
2000,10.522
10000,51.665
20000,93.91600000000001
40000,163.25900000000001
60000,226.049
80000,259.4480000000001
100000,298.321
200000,434.1
400000,551.4000000000001
600000,654.424
800000,680.4639999999999
1000000,721.847
