Timestep,Value_at_Risk
2,0.01
3,0.02
100,0.66
200,1.2430000000000003
2000,11.738000000000001
10000,48.105000000000004
20000,87.759
40000,144.64800000000005
60000,182.262
80000,221.905
100000,248.32900000000004
200000,317.80500000000006
400000,388.747
600000,438.347
800000,479.86300000000006
1000000,502.68
