Timestep,Value_at_Risk
2,0.09
3,0.09
100,4.182499999999999
200,7.527999999999999
2000,43.9515
10000,98.18799999999999
20000,116.98899999999998
40000,134.442
60000,140.2315
80000,146.088
100000,152.77499999999998
200000,171.31949999999992
400000,177.20749999999995
600000,178.04449999999994
800000,190.08449999999996
1000000,191.17749999999992
