Timestep,Value_at_Risk
2,0.02
3,0.02
100,0.8105000000000003
200,1.611700000000001
2000,13.935000000000002
10000,63.86140000000001
20000,115.98150000000008
40000,195.22520000000014
60000,224.9667
80000,296.5684
100000,335.0177000000001
200000,465.8640000000002
400000,595.8462000000001
600000,602.3702000000003
800000,635.3273
1000000,644.7575000000002
