Timestep,Value_at_Risk
2,0.02
3,0.02
100,0.68
200,1.36
2000,13.703000000000001
10000,64.513
20000,118.376
40000,198.831
60000,265.58000000000004
80000,307.18600000000004
100000,332.57900000000006
200000,450.0530000000001
400000,575.3860000000001
600000,652.796
800000,672.2400000000001
1000000,700.656
