Timestep,Value_at_Risk
2,0.01
3,0.01
100,0.31049999999999994
200,0.6
2000,4.8405
10000,22.4275
20000,40.227
40000,63.637499999999996
60000,84.61749999999999
80000,101.76
100000,114.526
200000,162.761
400000,232.62599999999998
600000,273.75899999999996
800000,302.99249999999995
1000000,312.667
