Timestep,Value_at_Risk
2,0.01
3,0.02
100,0.7404999999999999
200,1.3725
2000,11.714
10000,51.462999999999994
20000,89.94200000000001
40000,145.38
60000,195.61249999999998
80000,228.1735
100000,269.207
200000,382.59899999999993
400000,482.42549999999994
600000,528.084
800000,556.0589999999999
1000000,600.15
