Timestep,Value_at_Risk
2,0.01
3,0.01
100,0.18
200,0.36
2000,3.77
10000,17.892
20000,32.826
40000,63.887
60000,82.55000000000001
80000,102.433
100000,115.278
200000,187.543
400000,276.53900000000004
600000,321.12100000000015
800000,373.03700000000003
1000000,397.458
