Timestep,Value_at_Risk
2,0.15
3,0.15
100,5.151500000000001
200,10.0515
2000,70.519
10000,162.84950000000006
20000,198.08400000000012
40000,219.11950000000013
60000,229.74000000000012
80000,236.20850000000013
100000,247.8470000000001
200000,264.6750000000002
400000,286.17100000000016
600000,295.75600000000026
800000,301.7600000000002
1000000,316.0480000000002
