Timestep,Value_at_Risk
2,0.1
3,0.15
100,5.3
200,8.780000000000003
2000,39.23500000000001
10000,68.70000000000002
20000,76.67500000000001
40000,89.0
60000,93.435
80000,101.45500000000001
100000,105.33500000000001
200000,113.9
400000,120.545
600000,126.58500000000001
800000,131.32000000000002
1000000,133.715
