Timestep,Value_at_Risk
2,0.09
3,0.19
100,8.832900000000002
200,14.85800000000002
2000,52.23360000000004
10000,80.77450000000007
20000,85.84010000000008
40000,92.57160000000007
60000,94.82900000000011
80000,103.67160000000005
100000,117.91870000000006
200000,124.44030000000004
400000,128.877
600000,136.5205
800000,136.9081
1000000,138.0405
