Timestep,Value_at_Risk
2,0.0
3,0.01
100,0.18010000000000004
200,0.3702000000000001
2000,3.9632000000000014
10000,20.758000000000003
20000,38.48960000000002
40000,74.35480000000004
60000,107.782
80000,139.11350000000013
100000,153.8964000000002
200000,269.9541000000004
400000,369.2318000000003
600000,428.3532000000001
800000,479.12430000000006
1000000,516.0132000000001
