Timestep,Value_at_Risk
2,0.05
3,0.05
100,3.5550000000000024
200,5.880500000000016
2000,27.62350000000004
10000,58.05400000000006
20000,64.24350000000005
40000,84.91950000000014
60000,86.26000000000013
80000,89.08600000000014
100000,89.11250000000015
200000,101.07300000000019
400000,112.47850000000027
600000,112.73000000000027
800000,114.17600000000027
1000000,115.66100000000027
