Timestep,Value_at_Risk
2,0.01
3,0.1
100,5.100100000000015
200,8.029400000000004
2000,25.257600000000004
10000,61.57430000000002
20000,95.05290000000008
40000,147.6302000000001
60000,194.55250000000015
80000,224.0499000000003
100000,281.75940000000014
200000,363.65850000000046
400000,454.52700000000027
600000,479.3166000000001
800000,485.3471000000001
1000000,490.0001000000001
