Timestep,Value_at_Risk
2,0.01
3,0.1
100,5.459000000000026
200,11.184000000000067
2000,114.2340000000008
10000,572.235000000004
20000,1144.734000000008
40000,2289.7340000000163
60000,3434.7350000000242
80000,4579.735000000032
100000,5724.735000000041
200000,11449.73400000008
400000,22899.734000000164
600000,34349.734000000244
800000,45799.73500000033
1000000,57249.73500000041
