Timestep,Value_at_Risk
2,0.1
3,0.1
100,3.56
200,6.953
2000,41.646499999999996
10000,92.09700000000001
20000,127.6985
40000,188.12
60000,242.741
80000,270.42199999999997
100000,305.00199999999995
200000,389.44499999999994
400000,479.36699999999985
600000,611.9849999999999
800000,656.9704999999999
1000000,699.398
