Timestep,Value_at_Risk
2,0.06
3,0.06
100,3.3205
200,5.778700000000004
2000,31.983200000000075
10000,89.2214
20000,143.18510000000006
40000,185.28400000000008
60000,203.62380000000005
80000,220.20270000000008
100000,237.44830000000005
200000,325.59350000000006
400000,355.28470000000004
600000,370.84400000000005
800000,387.9556
1000000,389.85060000000004
