Timestep,Value_at_Risk
2,0.0
3,0.05
100,2.831800000000001
200,5.269500000000004
2000,22.5918
10000,47.02950000000002
20000,59.410400000000024
40000,72.26960000000003
60000,80.6067
80000,82.2609
100000,88.28150000000007
200000,108.42980000000003
400000,109.93280000000007
600000,121.62020000000004
800000,123.77660000000003
1000000,124.32330000000003
