Timestep,Value_at_Risk
2,0.1
3,0.1
100,5.234300000000003
200,8.037000000000003
2000,32.01560000000005
10000,72.50950000000006
20000,95.32540000000002
40000,149.73640000000006
60000,173.9031000000001
80000,242.60100000000006
100000,303.98400000000004
200000,383.62130000000025
400000,479.2355
600000,481.24040000000105
800000,494.064800000001
1000000,551.7120000000007
