Timestep,Value_at_Risk
2,0.1
3,0.1
100,3.3
200,6.5
2000,35.84
10000,67.08000000000001
20000,78.95000000000002
40000,91.48000000000002
60000,97.48000000000002
80000,105.34
100000,107.91000000000001
200000,115.44000000000001
400000,124.33
600000,127.42
800000,129.32000000000002
1000000,131.29000000000002
