Timestep,Value_at_Risk
2,0.0
3,0.04
100,1.36
200,2.76
2000,21.448
10000,59.308000000000014
20000,81.16000000000001
40000,101.208
60000,113.48800000000001
80000,121.18
100000,130.26000000000002
200000,145.328
400000,161.764
600000,170.48399999999998
800000,174.74800000000002
1000000,181.32
