Timestep,Value_at_Risk
2,0.06
3,0.06
100,2.1440000000000006
200,4.041000000000002
2000,23.213000000000005
10000,59.486000000000004
20000,96.677
40000,126.42100000000003
60000,149.93800000000002
80000,178.472
100000,195.37800000000001
200000,245.478
400000,305.90700000000004
600000,334.887
800000,347.182
1000000,359.218
