Timestep,Value_at_Risk
2,0.0
3,0.05
100,1.8005000000000002
200,3.65
2000,28.803500000000003
10000,84.38700000000001
20000,100.53900000000012
40000,120.76700000000017
60000,154.28250000000003
80000,159.93450000000007
100000,176.7505
200000,187.84800000000004
400000,202.29550000000003
600000,203.65900000000008
800000,211.01400000000007
1000000,212.33500000000006
