Timestep,Value_at_Risk
2,0.05
3,0.1
100,3.5005
200,7.101
2000,62.010000000000005
10000,172.11600000000004
20000,210.03600000000003
40000,249.09200000000004
60000,273.74150000000003
80000,284.2325000000001
100000,301.12300000000005
200000,334.8045
400000,381.39650000000006
600000,389.4440000000002
800000,392.16300000000024
1000000,411.6220000000002
