Timestep,Value_at_Risk
2,0.0
3,0.05
100,1.75
200,3.55
2000,26.992499999999996
10000,70.52
20000,93.455
40000,115.2875
60000,130.20250000000001
80000,139.52749999999997
100000,143.04
200000,159.6975
400000,179.33249999999998
600000,185.08999999999997
800000,191.4775
1000000,198.6775
