Timestep,Value_at_Risk
2,0.01
3,0.1
100,3.3139999999999996
200,6.6610000000000005
2000,39.718
10000,88.2765
20000,128.887
40000,178.3395
60000,209.127
80000,235.005
100000,257.049
200000,395.86
400000,486.4465
600000,567.1229999999999
800000,619.9345
1000000,662.6854999999999
