Timestep,Value_at_Risk
2,0.1
3,0.11
100,3.8103000000000002
200,7.573700000000002
2000,53.412299999999995
10000,124.62890000000007
20000,171.63110000000003
40000,224.46610000000007
60000,272.39230000000003
80000,295.9820000000001
100000,313.53220000000005
200000,385.4612
400000,432.1359000000001
600000,479.8849000000001
800000,524.2916000000001
1000000,532.4819000000001
