Timestep,Value_at_Risk
2,0.09
3,0.13
100,5.687499999999999
200,9.998
2000,49.373
10000,87.49049999999998
20000,96.938
40000,115.11299999999999
60000,122.0805
80000,128.58399999999997
100000,135.2885
200000,140.6645
400000,150.34550000000002
600000,153.20749999999998
800000,158.92100000000002
1000000,160.384
