Timestep,Value_at_Risk
2,0.19
3,0.19
100,8.646700000000004
200,16.364700000000013
2000,48.643800000000006
10000,70.17170000000003
20000,85.54650000000002
40000,92.35900000000001
60000,94.8185
80000,97.24080000000004
100000,97.72080000000003
200000,98.85220000000012
400000,113.62550000000005
600000,115.15970000000007
800000,115.82490000000006
1000000,116.67020000000007
