Timestep,Value_at_Risk
2,0.09
3,0.09
100,3.2489999999999988
200,6.179499999999999
2000,20.923499999999997
10000,35.473
20000,40.375
40000,43.69049999999999
60000,44.19399999999999
80000,49.043499999999995
100000,51.87449999999998
200000,59.63599999999999
400000,60.08749999999999
600000,60.14449999999999
800000,64.158
1000000,64.519
