Timestep,Value_at_Risk
2,0.11
3,0.11
100,4.008000000000001
200,5.871
2000,26.390000000000004
10000,64.96500000000002
20000,88.01400000000004
40000,122.88600000000002
60000,147.23200000000003
80000,156.622
100000,170.73100000000002
200000,212.05200000000002
400000,248.08700000000016
600000,259.85800000000006
800000,271.0130000000001
1000000,277.7980000000002
