Timestep,Value_at_Risk
2,0.01
3,0.01
100,0.44
200,0.85
2000,7.7650000000000015
10000,35.929
20000,67.801
40000,124.834
60000,168.01000000000005
80000,201.47900000000007
100000,237.93200000000004
200000,358.09800000000007
400000,505.8380000000001
600000,554.7050000000002
800000,600.715
1000000,600.755
