Timestep,Value_at_Risk
2,0.1
3,0.1
100,3.571
200,7.1417
2000,44.41700000000002
10000,94.851
20000,133.61320000000003
40000,193.45030000000003
60000,250.53910000000002
80000,297.2732000000001
100000,325.2019000000003
200000,450.17520000000013
400000,602.1121000000002
600000,690.6183000000004
800000,708.3361000000004
1000000,780.4012000000007
