Timestep,Value_at_Risk
2,0.01
3,0.11
100,3.8301000000000003
200,7.431
2000,49.340800000000016
10000,128.38720000000004
20000,170.76570000000004
40000,261.63960000000003
60000,295.5036000000001
80000,324.25590000000005
100000,337.27780000000007
200000,394.1416000000004
400000,454.1902000000001
600000,481.5925000000001
800000,533.3555000000001
1000000,539.6916000000001
