Timestep,Value_at_Risk
2,0.09
3,0.14
100,6.146999999999999
200,10.460499999999996
2000,43.744499999999995
10000,86.12249999999999
20000,109.0025
40000,127.0405
60000,133.2355
80000,136.377
100000,136.9565
200000,147.84199999999998
400000,154.32099999999997
600000,159.3675
800000,164.04999999999998
1000000,167.5955
