Timestep,Value_at_Risk
2,0.2
3,0.2
100,6.9499999999999975
200,12.434999999999999
2000,40.594999999999985
10000,60.64
20000,68.035
40000,75.77
60000,79.42500000000001
80000,82.53999999999999
100000,83.05499999999999
200000,85.15499999999999
400000,89.41
600000,97.795
800000,98.49
1000000,101.41000000000001
