Timestep,Value_at_Risk
2,0.1
3,0.2
100,2.9
200,4.3
2000,14.310000000000002
10000,33.692
20000,55.94200000000001
40000,98.05100000000002
60000,129.351
80000,156.756
100000,179.272
