Timestep,Value_at_Risk
2,0.01
3,0.1
100,4.207000000000002
200,6.4430000000000005
2000,23.276000000000003
10000,55.217
20000,84.09400000000002
40000,112.82000000000001
60000,132.60500000000005
80000,157.66300000000004
100000,162.98700000000005
200000,256.665
400000,288.954
600000,325.1050000000001
800000,337.93100000000004
1000000,348.733
