Timestep,Value_at_Risk
2,0.04
3,0.13
100,7.446400000000003
200,10.54970000000001
2000,91.44250000000001
10000,313.3235000000001
20000,313.3235000000001
40000,313.3235000000001
60000,313.3235000000001
80000,313.3235000000001
100000,313.3235000000001
200000,313.3235000000001
400000,313.3235000000001
600000,313.3235000000001
800000,313.3235000000001
1000000,313.3235000000001
