Timestep,Value_at_Risk
2,0.01
3,0.01
100,0.35
200,0.7004999999999999
2000,7.2905
10000,36.9715
20000,75.36749999999999
40000,142.604
60000,197.27200000000002
80000,251.15050000000002
100000,313.80549999999994
200000,478.98499999999996
400000,712.7979999999999
600000,888.5775
800000,1006.1574999999998
1000000,1083.083
