Timestep,Value_at_Risk
2,0.01
3,0.01
100,0.4709999999999999
200,0.9509999999999998
2000,8.516
10000,38.1705
20000,73.10799999999999
40000,142.75549999999998
60000,180.377
80000,223.02450000000002
100000,264.009
200000,382.876
400000,477.112
600000,538.5360000000001
800000,646.2959999999999
1000000,696.722
