Timestep,Value_at_Risk
2,0.09
3,0.1
100,5.384300000000002
200,8.836900000000009
2000,26.584900000000033
10000,67.98640000000005
20000,124.58840000000001
40000,138.57440000000028
60000,195.10340000000005
80000,216.9391000000002
100000,245.9896000000001
200000,317.2046
400000,383.16050000000007
600000,421.0410000000003
800000,443.8858000000008
1000000,483.40520000000083
