Timestep,Value_at_Risk
2,0.05
3,0.05
100,2.3
200,3.8550000000000004
2000,18.335000000000004
10000,38.67
20000,50.87000000000001
40000,60.49000000000001
60000,62.97000000000001
80000,69.885
100000,70.67500000000001
200000,78.33000000000001
400000,82.715
600000,86.435
800000,88.84500000000001
1000000,92.09000000000002
