Timestep,Value_at_Risk
2,0.05
3,0.15
100,5.205000000000001
200,9.585000000000004
2000,39.49000000000001
10000,66.55
20000,77.37500000000001
40000,84.2
60000,89.11500000000001
80000,91.92500000000001
100000,93.43500000000002
200000,104.93
400000,113.71000000000001
600000,117.66000000000001
800000,120.37
1000000,121.29000000000002
