Timestep,Value_at_Risk
2,0.01
3,0.11
100,4.584
200,7.672999999999999
2000,28.308999999999994
10000,74.46999999999998
20000,113.68199999999999
40000,142.03799999999998
60000,165.67799999999997
80000,177.111
100000,180.3475
200000,213.42799999999997
400000,242.2865
600000,265.90299999999996
800000,285.51399999999995
1000000,289.7895
