Timestep,Value_at_Risk
2,0.06
3,0.06
100,1.9004999999999999
200,3.7705
2000,30.3945
10000,88.80399999999999
20000,126.06649999999999
40000,179.418
60000,229.49099999999999
80000,257.16249999999997
100000,275.7715
200000,384.50699999999995
400000,515.7434999999999
600000,580.8365
800000,633.7565
1000000,647.813
