Timestep,Value_at_Risk
2,0.01
3,0.1
100,9.043999999999999
200,18.554000000000002
2000,189.54399999999998
10000,949.554
20000,1899.5539999999999
40000,3799.544
60000,5699.554
80000,7599.554
100000,9499.544000000002
200000,18999.544
400000,37999.554000000004
600000,56999.554000000004
800000,75999.554
1000000,94999.554
