Timestep,Value_at_Risk
2,0.01
3,0.02
100,0.5201000000000001
200,1.0701
2000,11.0908
10000,55.103100000000026
20000,106.3468
40000,188.0285000000001
60000,245.6689
80000,283.90880000000004
100000,329.6795
200000,495.9059000000001
400000,679.6562000000001
600000,811.4058000000002
800000,864.8787000000002
1000000,937.4028000000003
