Timestep,Value_at_Risk
2,0.0
3,0.09
100,3.0609000000000006
200,6.120900000000001
2000,35.93610000000001
10000,74.06730000000005
20000,91.89630000000001
40000,102.79350000000001
60000,109.3698
80000,113.4072
100000,114.93270000000001
200000,125.5545
400000,131.99760000000003
600000,139.338
800000,140.4198
1000000,142.21439999999998
