Timestep,Value_at_Risk
2,0.05
3,0.14
100,7.5602
200,14.196600000000009
2000,53.44990000000027
10000,105.23810000000043
20000,112.95020000000041
40000,129.2753000000003
60000,142.38290000000023
80000,143.71940000000023
100000,143.71940000000023
200000,155.9238000000002
400000,171.04510000000013
600000,173.0755000000001
800000,193.56010000000003
1000000,196.38300000000004
