Timestep,Value_at_Risk
2,0.09
3,0.09
100,3.15
200,6.12
2000,41.067900000000016
10000,80.01450000000001
20000,93.15180000000001
40000,118.69110000000003
60000,128.17170000000002
80000,130.3407
100000,131.8788
200000,143.99280000000007
400000,149.83290000000008
600000,155.63880000000006
800000,161.81910000000005
1000000,162.89190000000005
