Timestep,Value_at_Risk
2,0.0
3,0.05
100,1.58
200,3.28
2000,28.141700000000004
10000,80.57300000000001
20000,87.02690000000007
40000,112.20390000000005
60000,123.18390000000004
80000,131.70600000000002
100000,138.3066
200000,158.53500000000005
400000,169.03570000000005
600000,177.50110000000004
800000,190.728
1000000,195.05650000000003
