Timestep,Value_at_Risk
2,0.01
3,0.1
100,3.318000000000001
200,6.526
2000,40.122
10000,87.668
20000,121.908
40000,170.22000000000003
60000,204.64100000000002
80000,240.36100000000002
100000,262.394
200000,368.034
400000,465.17100000000005
600000,560.7810000000001
800000,591.5219999999999
1000000,611.631
