Timestep,Value_at_Risk
2,0.01
3,0.01
100,0.2510000000000001
200,0.53
2000,4.125000000000001
10000,19.406000000000002
20000,36.083
40000,61.757000000000026
60000,78.811
80000,106.08000000000001
100000,122.29300000000002
200000,168.817
400000,240.012
600000,269.951
800000,285.50000000000006
1000000,302.22200000000004
