Timestep,Value_at_Risk
2,0.1
3,0.15
100,7.371500000000011
200,16.33200000000002
2000,53.37800000000019
10000,90.97100000000009
20000,109.20700000000008
40000,124.04450000000006
60000,129.79000000000008
80000,134.24750000000006
100000,138.01800000000003
200000,142.45950000000005
400000,151.5430000000001
600000,169.15300000000002
800000,170.20300000000003
1000000,170.25300000000001
