Timestep,Value_at_Risk
2,0.01
3,0.1
100,9.13
200,18.630499999999998
2000,189.63
10000,949.6305
20000,1899.6305000000002
40000,3799.63
60000,5699.6305
80000,7599.6305
100000,9499.63
200000,18999.63
400000,37999.6305
600000,56999.6305
800000,75999.6305
1000000,94999.6305
