Timestep,Value_at_Risk
2,0.0
3,0.01
100,0.36
200,0.73
2000,7.9704
10000,36.0019
20000,60.46220000000004
40000,107.66200000000003
60000,130.2065000000001
80000,158.20290000000006
100000,182.28100000000006
200000,241.16900000000007
400000,302.1990000000001
600000,339.3215000000006
800000,368.6906000000006
1000000,375.5866000000007
