Timestep,Value_at_Risk
2,0.05
3,0.05
100,1.69
200,3.3609999999999998
2000,27.182
10000,85.90400000000002
20000,123.82900000000001
40000,184.69
60000,228.64600000000002
80000,253.404
100000,294.167
200000,406.3570000000001
400000,508.939
600000,556.772
800000,594.44
1000000,616.325
