Timestep,Value_at_Risk
2,0.05
3,0.1
100,4.65
200,9.15
2000,48.2175
10000,90.60999999999999
20000,110.27249999999997
40000,138.35999999999999
60000,139.675
80000,140.20999999999998
100000,144.45250000000001
200000,160.87
400000,170.78499999999997
600000,173.68999999999997
800000,186.9025
1000000,188.3025
