Timestep,Value_at_Risk
2,0.1
3,0.1
100,4.204
200,7.083499999999998
2000,25.529999999999994
10000,55.93299999999999
20000,81.7315
40000,123.08649999999999
60000,154.391
80000,190.77349999999998
100000,200.81049999999996
200000,262.1995
400000,400.3345
600000,421.6005
800000,438.01349999999996
1000000,456.53799999999995
