Timestep,Value_at_Risk
2,0.05
3,0.05
100,2.9614999999999996
200,4.7905
2000,24.3475
10000,77.354
20000,116.71199999999999
40000,165.6975
60000,187.96349999999998
80000,216.6385
100000,234.36499999999998
200000,324.5725
400000,377.16349999999994
600000,444.72149999999993
800000,467.0985
1000000,475.0505
