Timestep,Value_at_Risk
2,0.05
3,0.05
100,2.555
200,4.305000000000001
2000,19.285000000000004
10000,41.92500000000001
20000,52.86000000000002
40000,59.785000000000004
60000,64.955
80000,68.955
100000,72.15
200000,81.11500000000001
400000,86.21000000000001
600000,88.135
800000,94.96000000000001
1000000,96.6
