Timestep,Value_at_Risk
2,0.01
3,0.1
100,3.6370000000000005
200,6.191000000000001
2000,21.674000000000003
10000,53.258
20000,80.078
40000,120.23200000000003
60000,142.96600000000007
80000,165.76500000000001
100000,176.40200000000004
200000,251.30400000000003
400000,291.677
600000,330.93700000000007
800000,352.53700000000003
1000000,355.77900000000005
