Timestep,Value_at_Risk
2,0.09
3,0.18
100,6.03
200,9.603000000000005
2000,34.776
10000,54.243
20000,64.06200000000001
40000,70.57800000000003
60000,74.71800000000002
80000,77.706
100000,78.669
200000,84.63600000000002
400000,89.01
600000,90.20700000000001
800000,91.24200000000002
1000000,91.57500000000002
