Timestep,Value_at_Risk
2,0.05
3,0.05
100,2.8550000000000026
200,5.413000000000007
2000,23.40800000000003
10000,54.951
20000,63.29500000000002
40000,75.867
60000,84.91500000000002
80000,87.13650000000004
100000,92.60300000000008
200000,105.56500000000003
400000,113.11
600000,113.40750000000001
800000,116.21450000000002
1000000,118.31300000000003
