Timestep,Value_at_Risk
2,0.1
3,0.1
100,5.476900000000019
200,10.387300000000009
2000,29.600100000000015
10000,65.33540000000004
20000,99.67730000000007
40000,150.26580000000004
60000,194.05520000000004
80000,225.1923
100000,246.8881000000002
200000,299.2907
400000,352.38500000000016
600000,404.52310000000006
800000,465.1524000000004
1000000,554.0159000000001
