Timestep,Value_at_Risk
2,0.13
3,0.13
100,4.381
200,8.56
2000,60.645
10000,138.94
20000,176.39200000000002
40000,198.817
60000,220.89000000000001
80000,232.27400000000003
100000,240.397
200000,266.4920000000001
400000,293.456
600000,308.866
800000,314.47100000000006
1000000,319.103
