Timestep,Value_at_Risk
2,0.01
3,0.06
100,2.552
200,4.6530000000000005
2000,26.582000000000004
10000,74.931
20000,111.42600000000002
40000,150.404
60000,172.751
80000,183.01500000000001
100000,189.169
200000,233.11300000000003
400000,263.83700000000005
600000,292.717
800000,294.721
1000000,302.2890000000001
