Timestep,Value_at_Risk
2,0.01
3,0.01
100,0.35
200,0.6904999999999999
2000,7.352499999999999
10000,36.6515
20000,71.887
40000,144.66049999999998
60000,200.18599999999998
80000,255.25199999999998
100000,298.64199999999994
200000,479.02299999999997
400000,658.0574999999999
600000,787.1714999999999
800000,855.6275
1000000,917.8435
