Timestep,Value_at_Risk
2,0.1
3,0.1
100,3.45
200,6.851500000000001
2000,60.952000000000005
10000,161.40250000000015
20000,221.06300000000002
40000,232.2385000000001
60000,245.4665000000001
80000,269.459
100000,269.5025
200000,302.834
400000,324.2035000000001
600000,328.1990000000001
800000,334.3555000000002
1000000,340.73250000000013
