Timestep,Value_at_Risk
2,0.01
3,0.01
100,0.34010000000000007
200,0.6702000000000001
2000,5.3706000000000005
10000,24.02210000000001
20000,51.71120000000004
40000,77.53880000000001
60000,111.01440000000005
80000,132.14230000000003
100000,159.29700000000003
200000,220.91090000000003
400000,330.6421
600000,361.4204000000001
800000,365.0692000000001
1000000,401.21639999999996
