Timestep,Value_at_Risk
2,0.01
3,0.02
100,0.52
200,1.04
2000,11.011
10000,51.815999999999995
20000,98.3175
40000,171.126
60000,234.25399999999996
80000,284.8925
100000,323.1255
200000,490.787
400000,621.8579999999998
600000,730.6824999999999
800000,805.7014999999998
1000000,833.7544999999998
