Timestep,Value_at_Risk
2,0.1
3,0.2
100,7.730000000000003
200,11.530000000000003
2000,35.050000000000004
10000,56.540000000000006
20000,60.47000000000001
40000,69.71000000000001
60000,73.63000000000001
80000,74.06000000000002
100000,76.02000000000001
200000,79.49000000000001
400000,83.74000000000001
600000,85.91000000000001
800000,88.11000000000001
1000000,89.36
