Timestep,Value_at_Risk
2,0.06
3,0.06
100,2.791499999999999
200,5.087
2000,28.3045
10000,77.945
20000,110.41699999999999
40000,157.9585
60000,173.86699999999993
80000,213.82500000000002
100000,223.1905
200000,248.51799999999994
400000,296.452
600000,332.4805
800000,337.303
1000000,346.3565
