Timestep,Value_at_Risk
2,0.05
3,0.14
100,4.76
200,9.570500000000001
2000,70.0105
10000,150.111
20000,180.4415
40000,206.118
60000,221.78199999999998
80000,232.72949999999997
100000,238.99450000000002
200000,258.6515
400000,282.54949999999997
600000,297.248
800000,303.12449999999995
1000000,305.19899999999996
