Timestep,Value_at_Risk
2,0.01
3,0.05
100,2.3819999999999997
200,4.183
2000,25.8915
10000,68.88649999999998
20000,110.009
40000,162.904
60000,187.1615
80000,228.24599999999998
100000,246.017
200000,307.0134999999999
400000,361.8929999999999
600000,398.55
800000,402.6235
1000000,463.152
