Timestep,Value_at_Risk
2,0.19
3,0.19
100,7.03
200,11.4
2000,38.00000000000002
10000,57.98300000000001
20000,63.21300000000001
40000,71.52100000000002
60000,73.68200000000002
80000,76.76
100000,77.24900000000001
200000,84.72100000000002
400000,87.87
600000,90.62000000000002
800000,93.50800000000002
1000000,97.26600000000002
