Timestep,Value_at_Risk
2,0.13
3,0.13
100,7.525800000000003
200,12.51840000000002
2000,65.40200000000019
10000,111.75170000000126
20000,127.52240000000117
40000,131.33390000000117
60000,133.93760000000114
80000,140.4518000000011
100000,144.3524000000011
200000,195.27800000000082
400000,207.98960000000076
600000,209.03900000000075
800000,213.41480000000072
1000000,218.31530000000072
