Timestep,Value_at_Risk
2,0.09
3,0.18
100,7.382700000000002
200,13.145400000000004
2000,49.22730000000004
10000,67.58280000000005
20000,83.25090000000009
40000,90.49230000000007
60000,100.94130000000003
80000,108.54090000000001
100000,108.99719999999999
200000,111.39210000000003
400000,124.55730000000004
600000,126.69210000000008
800000,126.96840000000009
1000000,126.97110000000008
