Timestep,Value_at_Risk
2,0.01
3,0.01
100,0.4510000000000001
200,0.9110000000000001
2000,7.762000000000002
10000,36.566
20000,71.44500000000001
40000,127.09800000000001
60000,165.12500000000003
80000,209.869
100000,243.08700000000002
200000,367.938
400000,464.34300000000013
600000,531.8370000000002
800000,572.6990000000002
1000000,596.7760000000001
