Timestep,Value_at_Risk
2,0.05
3,0.05
100,2.4550000000000005
200,3.7050000000000005
2000,18.120000000000005
10000,37.02000000000003
20000,44.43000000000002
40000,49.36
60000,57.64000000000001
80000,62.565000000000005
100000,64.01
200000,68.79500000000002
400000,74.39000000000004
600000,80.47500000000001
800000,81.43000000000002
1000000,82.33500000000002
