Timestep,Value_at_Risk
2,0.05
3,0.05
100,1.7507000000000004
200,3.572300000000001
2000,36.2135
10000,108.08880000000009
20000,154.1344
40000,204.9526
60000,264.47170000000006
80000,298.7406000000001
100000,332.85940000000005
200000,444.4333000000003
400000,566.6805000000005
600000,617.2862000000014
800000,727.1765000000009
1000000,741.1404000000009
