Timestep,Value_at_Risk
2,0.04
3,0.08
100,2.72
200,5.44
2000,46.932
10000,141.14
20000,181.22400000000002
40000,216.4
60000,242.008
80000,256.524
100000,268.09600000000006
200000,300.196
400000,333.648
600000,348.784
800000,361.836
1000000,370.744
