Timestep,Value_at_Risk
2,0.01
3,0.01
100,0.35
200,0.7
2000,7.1819999999999995
10000,35.662499999999994
20000,72.324
40000,141.4205
60000,190.76699999999997
80000,249.195
100000,290.74199999999996
200000,467.37449999999995
400000,655.185
600000,782.1534999999999
800000,867.4295
1000000,926.2655000000001
