Timestep,Value_at_Risk
2,0.01
3,0.06
100,3.6968000000000036
200,6.069100000000004
2000,36.124
10000,97.28620000000005
20000,142.27530000000007
40000,178.18020000000007
60000,217.71300000000005
80000,237.9017000000002
100000,250.2989000000004
200000,306.23570000000024
400000,343.4650000000002
600000,406.61940000000004
800000,414.80690000000016
1000000,417.39290000000017
