Timestep,Value_at_Risk
2,0.09
3,0.09
100,3.06
200,5.76
2000,36.369
10000,71.352
20000,82.98900000000005
40000,95.83200000000001
60000,101.43900000000001
80000,106.254
100000,109.35900000000002
200000,118.647
400000,125.55
600000,130.02300000000002
800000,133.398
1000000,135.89100000000002
