Timestep,Value_at_Risk
2,0.1
3,0.1
100,3.56
200,6.93
2000,41.4945
10000,89.79549999999999
20000,129.87199999999999
40000,182.24949999999998
60000,225.964
80000,256.137
100000,285.38599999999997
200000,406.4945
400000,511.75249999999994
600000,580.8939999999999
800000,614.9945
1000000,660.2065
