Timestep,Value_at_Risk
2,0.01
3,0.1
100,5.882100000000001
200,8.243200000000002
2000,35.047900000000006
10000,67.57530000000001
20000,106.87620000000001
40000,159.75620000000004
60000,193.40770000000012
80000,216.6272000000003
100000,216.8314000000004
200000,326.5382000000001
400000,403.06720000000007
600000,405.39000000000004
800000,413.3892
1000000,466.05650000000037
