Timestep,Value_at_Risk
2,0.05
3,0.15
100,5.052499999999999
200,9.952499999999999
2000,70.86749999999999
10000,157.4875
20000,182.425
40000,203.49249999999998
60000,213.13249999999996
80000,218.8075
100000,227.56750000000002
200000,245.78
400000,272.635
600000,282.47249999999997
800000,286.9475
1000000,295.155
