Timestep,Value_at_Risk
2,0.0
3,0.05
100,1.7
200,3.4050000000000002
2000,25.720000000000002
10000,64.04500000000002
20000,80.05499999999999
40000,97.16
60000,106.705
80000,112.24500000000002
100000,117.76
200000,132.545
400000,146.885
600000,149.395
800000,153.84500000000003
1000000,158.13500000000002
