Timestep,Value_at_Risk
2,0.01
3,0.01
100,0.2810000000000001
200,0.5210000000000001
2000,4.39
10000,20.126
20000,34.25100000000001
40000,62.031000000000006
60000,83.62700000000001
80000,100.12000000000002
100000,113.72900000000003
200000,153.992
400000,209.8550000000001
600000,251.62300000000005
800000,278.37500000000006
1000000,291.192
