Timestep,Value_at_Risk
2,0.01
3,0.01
100,0.3501
200,0.7307000000000003
2000,7.7410000000000005
10000,39.8373
20000,62.249300000000005
40000,113.87190000000001
60000,141.89520000000002
80000,156.74920000000003
100000,178.964
200000,261.43330000000003
400000,334.8843000000002
600000,401.4066000000001
800000,407.33470000000017
1000000,450.41280000000023
