Timestep,Value_at_Risk
2,0.09
3,0.19
100,6.455000000000008
200,10.749
2000,32.85600000000001
10000,55.499
20000,61.27
40000,70.79400000000001
60000,73.36800000000002
80000,74.60800000000003
100000,77.17300000000002
200000,84.31700000000001
400000,90.639
600000,91.57500000000002
800000,94.197
1000000,94.73899999999999
