Timestep,Value_at_Risk
2,0.09
3,0.1
100,4.4515
200,6.7505
2000,22.2095
10000,61.135
20000,80.84149999999998
40000,126.339
60000,165.01549999999997
80000,181.30499999999995
100000,224.64499999999998
200000,272.81049999999993
400000,336.173
600000,386.789
800000,414.853
1000000,442.3615
