Timestep,Value_at_Risk
2,0.01
3,0.05
100,1.7
200,3.4405
2000,29.138
10000,93.58949999999999
20000,138.0515
40000,186.9675
60000,229.64149999999998
80000,262.438
100000,285.57749999999993
200000,387.1785
400000,512.689
600000,575.8729999999999
800000,636.629
1000000,665.3499999999999
