Timestep,Value_at_Risk
2,0.04
3,0.13
100,5.081000000000001
200,8.653000000000002
2000,41.624
10000,73.709
20000,91.07600000000002
40000,103.113
60000,108.94600000000001
80000,112.69000000000003
100000,119.05
200000,128.096
400000,138.127
600000,143.773
800000,147.32700000000003
1000000,151.337
