Timestep,Value_at_Risk
2,0.0
3,0.05
100,2.05
200,4.105
2000,20.065000000000005
10000,38.73000000000002
20000,51.37500000000004
40000,60.47500000000002
60000,65.98500000000001
80000,67.57000000000002
100000,72.83500000000001
200000,82.69000000000003
400000,89.46500000000002
600000,94.48500000000001
800000,97.69500000000005
1000000,99.06500000000004
