Timestep,Value_at_Risk
2,0.01
3,0.02
100,0.5302000000000001
200,1.0703000000000003
2000,11.080400000000001
10000,56.493900000000004
20000,113.06650000000002
40000,193.28220000000002
60000,259.7887
80000,293.1717000000001
100000,325.19450000000006
200000,492.09710000000007
400000,661.2915000000003
600000,713.5682000000003
800000,752.1233
1000000,805.4838000000002
