Timestep,Value_at_Risk
2,0.01
3,0.02
100,0.7703000000000002
200,1.521900000000001
2000,13.940199999999999
10000,59.092700000000015
20000,107.68750000000004
40000,171.17980000000014
60000,223.72920000000013
80000,256.2357000000002
100000,293.33610000000004
200000,413.93570000000017
400000,496.8697000000005
600000,597.0830000000002
800000,633.7851000000003
1000000,639.5622000000006
