Timestep,Value_at_Risk
2,0.01
3,0.01
100,0.35
200,0.7101000000000001
2000,7.463400000000002
10000,38.13690000000001
20000,80.116
40000,151.04420000000002
60000,217.29930000000002
80000,271.9404000000001
100000,342.35420000000005
200000,505.1472000000004
400000,706.8686000000002
600000,859.206
800000,933.1564000000003
1000000,970.2960000000004
