Timestep,Value_at_Risk
2,0.18
3,0.18
100,6.12
200,11.8809
2000,85.20030000000003
10000,158.58180000000002
20000,186.3918
40000,206.8209
60000,218.1816
80000,223.58610000000002
100000,229.5207
200000,254.24910000000006
400000,266.7717
600000,273.636
800000,280.88010000000014
1000000,282.31920000000014
