Timestep,Value_at_Risk
2,0.05
3,0.1
100,4.9
200,9.9
2000,54.691000000000045
10000,107.86400000000006
20000,130.55850000000004
40000,148.88150000000002
60000,148.8925
80000,153.108
100000,154.16450000000003
200000,163.68650000000002
400000,187.02500000000006
600000,190.39100000000005
800000,191.33250000000004
1000000,199.6515
