Timestep,Value_at_Risk
2,0.1
3,0.11
100,3.646000000000001
200,7.171
2000,44.93800000000001
10000,109.388
20000,153.508
40000,200.047
60000,238.696
80000,255.19400000000005
100000,274.235
200000,344.45700000000005
400000,396.0950000000001
600000,411.9450000000001
800000,435.1700000000002
1000000,461.688
