Timestep,Value_at_Risk
2,0.09
3,0.19
100,7.6045
200,11.9035
2000,37.52949999999999
10000,60.06849999999999
20000,67.42599999999999
40000,80.959
60000,82.1225
80000,82.77799999999999
100000,83.1295
200000,88.0125
400000,93.0475
600000,94.72449999999999
800000,96.349
1000000,96.914
