Timestep,Value_at_Risk
2,0.01
3,0.01
100,0.35
200,0.7204999999999999
2000,7.4435
10000,32.641999999999996
20000,58.815999999999995
40000,95.90799999999999
60000,119.35149999999999
80000,148.1455
100000,167.278
200000,227.12799999999996
400000,312.0275
600000,335.42400000000004
800000,349.62649999999996
1000000,374.13849999999996
