Timestep,Value_at_Risk
2,0.02
3,0.02
100,0.9315
200,1.8919999999999997
2000,15.689
10000,67.979
20000,115.51599999999998
40000,170.9895
60000,224.655
80000,241.50849999999994
100000,281.49949999999995
200000,308.0755
400000,349.74299999999994
600000,386.6325
800000,409.85999999999996
1000000,419.4775
