Timestep,Value_at_Risk
2,0.05
3,0.1
100,4.5
200,8.075000000000003
2000,40.78000000000001
10000,84.365
20000,102.47500000000001
40000,114.48500000000001
60000,118.53000000000002
80000,124.02000000000001
100000,127.77500000000008
200000,153.73000000000002
400000,161.025
600000,163.03500000000005
800000,169.86
1000000,174.19500000000008
