Timestep,Value_at_Risk
2,0.1
3,0.1
100,3.6710000000000003
200,7.072500000000002
2000,46.8328
10000,94.67430000000003
20000,127.89310000000002
40000,173.8137
60000,242.71140000000014
80000,284.9377000000001
100000,327.3979000000001
200000,463.1629
400000,553.1931000000003
600000,678.06
800000,680.5437000000001
1000000,718.7737000000001
