Timestep,Value_at_Risk
2,0.01
3,0.11
100,4.792500000000001
200,7.537300000000008
2000,34.1743
10000,82.25180000000003
20000,120.75740000000006
40000,164.83720000000002
60000,172.88250000000002
80000,191.10860000000002
100000,194.06880000000004
200000,258.6391
400000,274.57410000000016
600000,287.92420000000016
800000,315.30860000000024
1000000,315.38280000000026
