Timestep,Value_at_Risk
2,0.01
3,0.11
100,3.6560000000000006
200,7.13
2000,45.47
10000,104.619
20000,146.298
40000,208.73700000000002
60000,232.966
80000,263.728
100000,284.64300000000003
200000,334.28900000000004
400000,392.901
600000,441.62200000000007
800000,466.324
1000000,483.00100000000003
