Timestep,Value_at_Risk
2,0.05
3,0.06
100,3.229700000000005
200,6.507300000000003
2000,27.87260000000002
10000,75.42690000000003
20000,114.09470000000006
40000,159.84640000000002
60000,181.08400000000003
80000,242.5705
100000,287.20910000000003
200000,352.1338000000002
400000,410.7380000000002
600000,463.36080000000004
800000,464.2418000000002
1000000,472.50750000000033
