Timestep,Value_at_Risk
2,0.05
3,0.1
100,4.05
200,7.552499999999999
2000,40.5425
10000,90.61999999999998
20000,105.56
40000,122.92499999999998
60000,126.65749999999998
80000,132.3525
100000,135.2175
200000,152.035
400000,159.8525
600000,172.3275
800000,177.42000000000002
1000000,178.54
