Timestep,Value_at_Risk
2,0.01
3,0.06
100,2.03
200,4.071000000000001
2000,33.853
10000,103.193
20000,148.28300000000002
40000,209.198
60000,245.26400000000004
80000,266.11499999999995
100000,293.68800000000005
200000,371.397
400000,444.537
600000,458.546
800000,489.36100000000005
1000000,514.6750000000001
