Timestep,Value_at_Risk
2,0.1
3,0.2
100,9.219999999999999
200,15.77499999999999
2000,47.21
10000,65.38999999999999
20000,72.10499999999999
40000,77.16999999999999
60000,83.17999999999999
80000,85.045
100000,85.43
200000,86.705
400000,92.475
600000,96.865
800000,99.005
1000000,100.195
