Timestep,Value_at_Risk
2,0.01
3,0.02
100,0.8530000000000002
200,1.6650000000000003
2000,14.731000000000003
10000,63.42100000000001
20000,107.87900000000002
40000,168.516
60000,193.83200000000002
80000,219.54000000000002
100000,242.07100000000005
200000,292.08600000000007
400000,344.56100000000004
600000,389.4680000000001
800000,445.237
1000000,451.5690000000001
