Timestep,Value_at_Risk
2,0.01
3,0.06
100,2.1004000000000005
200,4.171900000000001
2000,37.1362
10000,114.88450000000003
20000,175.57010000000005
40000,262.0901
60000,300.7115000000002
80000,393.39450000000005
100000,414.4303
200000,513.5280000000004
400000,581.8567000000006
600000,623.9649000000005
800000,635.5752000000005
1000000,658.7657000000005
