Timestep,Value_at_Risk
2,0.01
3,0.05
100,1.7
200,3.3920000000000003
2000,27.92
10000,84.16300000000001
20000,127.96799999999999
40000,180.41700000000003
60000,224.336
80000,258.569
100000,280.851
200000,400.3040000000001
400000,508.873
600000,585.0350000000001
800000,626.4110000000001
1000000,664.3410000000001
