Timestep,Value_at_Risk
2,0.01
3,0.01
100,0.9210000000000002
200,1.921
2000,19.921000000000003
10000,99.921
20000,199.921
40000,399.921
60000,599.9209999999999
80000,799.9209999999999
100000,999.9209999999999
200000,1999.921
400000,3999.9210000000003
600000,5999.921
800000,7999.921
1000000,9999.921
