Timestep,Value_at_Risk
2,0.18
3,0.18
100,6.03
200,11.7
2000,77.274
10000,139.176
20000,162.675
40000,182.088
60000,191.80800000000002
80000,202.21200000000002
100000,205.425
200000,225.15300000000002
400000,242.802
600000,250.40700000000004
800000,255.204
1000000,262.88100000000003
