Timestep,Value_at_Risk
2,0.06
3,0.06
100,2.04
200,4.041
2000,34.062000000000005
10000,103.03800000000001
20000,155.109
40000,217.54200000000003
60000,239.934
80000,265.394
100000,294.4730000000001
200000,359.63100000000003
400000,424.17600000000004
600000,466.566
800000,491.271
1000000,507.993
