Timestep,Value_at_Risk
2,0.14
3,0.14
100,4.71
200,9.25
2000,66.92399999999999
10000,147.00900000000001
20000,172.68300000000002
40000,199.717
60000,213.25500000000002
80000,224.24800000000002
100000,232.43900000000002
200000,260.46
400000,279.30300000000005
600000,287.664
800000,296.039
1000000,302.163
