Timestep,Value_at_Risk
2,0.15
3,0.15
100,6.9510000000000005
200,13.102
2000,63.19400000000028
10000,101.17950000000012
20000,105.3890000000001
40000,123.69000000000003
60000,131.9035
80000,137.36650000000006
100000,137.78350000000006
200000,145.7100000000001
400000,146.61250000000007
600000,147.4695000000001
800000,154.90500000000006
1000000,155.32450000000006
