Timestep,Value_at_Risk
2,0.09
3,0.09
100,5.042400000000007
200,6.9576000000000136
2000,24.137600000000003
10000,39.6195
20000,43.90610000000001
40000,56.07370000000001
60000,58.0448
80000,59.6752000000001
100000,62.04900000000011
200000,65.07380000000009
400000,66.87900000000009
600000,67.0776000000001
800000,71.88910000000008
1000000,71.89100000000009
