Timestep,Value_at_Risk
2,0.1
3,0.2
100,6.6
200,13.0
2000,81.03
10000,140.53000000000003
20000,161.63000000000002
40000,182.72000000000003
60000,191.65000000000003
80000,200.45000000000002
100000,204.66
200000,218.36
400000,236.60999999999999
600000,241.85000000000002
800000,246.58
1000000,250.56000000000003
