Timestep,Value_at_Risk
2,0.05
3,0.05
100,1.85
200,3.501500000000001
2000,29.3015
10000,73.3605
20000,96.82400000000001
40000,108.89100000000002
60000,132.508
80000,134.29500000000002
100000,141.4035
200000,166.26650000000004
400000,189.35350000000003
600000,195.43200000000002
800000,199.20049999999998
1000000,201.613
