Timestep,Value_at_Risk
2,0.08
3,0.08
100,2.76
200,5.5216
2000,49.9212
10000,168.46760000000003
20000,208.55360000000002
40000,244.71440000000015
60000,290.22
80000,294.37760000000003
100000,304.61080000000004
200000,340.742
400000,362.55520000000007
600000,378.7552000000001
800000,387.4144000000001
1000000,401.0200000000001
