Timestep,Value_at_Risk
2,0.0
3,0.01
100,0.36050000000000026
200,0.7408000000000003
2000,5.106300000000003
10000,22.814
20000,40.54270000000002
40000,72.44780000000004
60000,92.94650000000001
80000,114.8285000000001
100000,152.51350000000002
200000,236.80290000000002
400000,362.23470000000054
600000,430.0605000000004
800000,462.6860000000005
1000000,462.6860000000005
