Timestep,Value_at_Risk
2,0.0
3,0.09
100,6.086600000000003
200,7.518100000000009
2000,19.193000000000048
10000,39.78410000000004
20000,48.77750000000002
40000,51.72370000000002
60000,61.34890000000004
80000,67.74900000000001
100000,68.61370000000001
200000,70.5886
400000,77.24430000000001
600000,77.76130000000002
800000,78.41850000000002
1000000,78.42040000000003
