Timestep,Value_at_Risk
2,0.09
3,0.09
100,3.61
200,4.769000000000002
2000,14.839000000000002
10000,28.139000000000003
20000,31.982000000000014
40000,36.138000000000005
60000,39.149
80000,39.81000000000004
100000,39.905000000000044
200000,42.01400000000003
400000,46.084
600000,46.09400000000001
800000,47.4
1000000,47.438
