Timestep,Value_at_Risk
2,0.01
3,0.01
100,0.37010000000000004
200,0.7201000000000001
2000,5.253200000000001
10000,24.281300000000016
20000,43.115200000000016
40000,75.08790000000003
60000,114.6768
80000,134.94000000000003
100000,157.70650000000006
200000,202.42370000000017
400000,271.0243000000001
600000,292.18480000000017
800000,329.2102000000002
1000000,337.4251000000002
