Timestep,Value_at_Risk
2,0.09
3,0.09
100,3.0609000000000006
200,6.0336000000000025
2000,36.47700000000002
10000,73.7145
20000,88.24320000000003
40000,105.05880000000006
60000,109.19430000000006
80000,114.36930000000004
100000,118.38510000000001
200000,126.13140000000003
400000,135.37890000000002
600000,141.4197
800000,146.0754
1000000,147.33450000000002
