Timestep,Value_at_Risk
2,0.1
3,0.2
100,4.8
200,9.1
2000,42.93000000000001
10000,69.04000000000003
20000,79.81
40000,90.801
60000,111.433
80000,137.107
100000,159.15600000000003
