Timestep,Value_at_Risk
2,0.06
3,0.06
100,2.521
200,4.4510000000000005
2000,25.428
10000,70.06500000000004
20000,106.889
40000,149.05700000000004
60000,170.49
80000,188.14000000000001
100000,195.18400000000003
200000,235.929
400000,281.096
600000,293.939
800000,301.17300000000006
1000000,306.38100000000003
