Timestep,Value_at_Risk
2,0.1
3,0.1
100,3.07
200,5.090000000000001
2000,20.603
10000,52.055000000000014
20000,77.97300000000004
40000,119.42100000000002
60000,159.83400000000003
80000,187.86400000000003
100000,197.44300000000004
200000,250.81900000000005
400000,339.797
600000,374.41200000000003
800000,398.47300000000007
1000000,438.12300000000005
