Timestep,Value_at_Risk
2,0.05
3,0.1
100,4.905000000000001
200,9.905000000000001
2000,99.905
10000,499.905
20000,999.905
40000,1999.9050000000002
60000,2999.905
80000,3999.905
100000,4999.905
200000,9999.905
400000,19999.905000000002
600000,29999.905000000002
800000,39999.905
1000000,49999.905
