Timestep,Value_at_Risk
2,0.11
3,0.11
100,3.8202
200,7.5704
2000,52.633500000000005
10000,129.4833
20000,166.48080000000002
40000,229.47660000000002
60000,264.0911
80000,292.84880000000004
100000,306.5824000000001
200000,421.86060000000015
400000,498.29390000000006
600000,543.0039
800000,558.2274000000001
1000000,560.9732
