Timestep,Value_at_Risk
2,0.02
3,0.02
100,0.6910000000000001
200,1.3510000000000002
2000,11.811000000000002
10000,49.391000000000005
20000,88.53200000000002
40000,138.1540000000001
60000,182.81300000000002
80000,211.31900000000002
100000,239.486
200000,330.8660000000001
400000,399.97700000000015
600000,419.454
800000,451.408
1000000,471.27700000000004
