Timestep,Value_at_Risk
2,0.04
3,0.13
100,4.4205
200,8.683499999999999
2000,66.74549999999999
10000,146.2165
20000,181.67849999999999
40000,209.908
60000,227.56449999999998
80000,241.8205
100000,247.4185
200000,267.82300000000004
400000,290.9745
600000,302.87499999999994
800000,311.8265
1000000,319.16599999999994
