Timestep,Value_at_Risk
2,0.1
3,0.11
100,4.7973000000000035
200,7.641800000000006
2000,32.00260000000001
10000,76.6167000000002
20000,123.88650000000005
40000,162.3426000000002
60000,177.26030000000017
80000,207.32300000000006
100000,215.8994000000001
200000,247.62860000000015
400000,286.19980000000004
600000,286.82430000000005
800000,295.3983
1000000,313.3481000000002
