Timestep,Value_at_Risk
2,0.01
3,0.05
100,1.69
200,3.38
2000,28.125000000000004
10000,90.21700000000001
20000,132.04000000000002
40000,181.00600000000003
60000,217.131
80000,254.736
100000,280.617
200000,355.285
400000,466.2930000000001
600000,537.7930000000002
800000,590.2570000000003
1000000,628.6640000000001
