Timestep,Value_at_Risk
2,0.05
3,0.06
100,2.06
200,4.09
2000,34.113
10000,103.91999999999999
20000,161.41299999999998
40000,224.718
60000,267.92499999999995
80000,303.00149999999996
100000,313.84999999999997
200000,391.85699999999997
400000,456.229
600000,477.334
800000,504.21799999999996
1000000,522.185
