Timestep,Value_at_Risk
2,0.04
3,0.13
100,4.34
200,8.548
2000,64.424
10000,148.13800000000003
20000,184.928
40000,213.964
60000,233.3
80000,240.92000000000002
100000,248.78300000000002
200000,270.032
400000,291.773
600000,305.87800000000004
800000,313.57900000000006
1000000,317.72600000000006
