Timestep,Value_at_Risk
2,0.1
3,0.2
100,6.8
200,13.701
2000,83.81800000000001
10000,150.04000000000002
20000,176.11900000000006
40000,201.54000000000002
60000,206.234
80000,210.93300000000002
100000,217.511
200000,230.712
400000,243.99000000000007
600000,253.21200000000005
800000,258.83000000000004
1000000,261.4310000000001
