Timestep,Value_at_Risk
2,0.14
3,0.14
100,4.81
200,9.6808
2000,72.53610000000002
10000,167.22970000000004
20000,204.74030000000005
40000,230.96480000000003
60000,250.82960000000003
80000,257.1494
100000,265.4346
200000,291.8907000000001
400000,310.8766000000001
600000,325.5502000000001
800000,332.3036000000001
1000000,332.7084000000001
