Timestep,Value_at_Risk
2,0.05
3,0.05
100,2.5623000000000014
200,4.506700000000003
2000,24.17580000000003
10000,59.49230000000002
20000,75.13560000000004
40000,87.49620000000002
60000,93.41730000000008
80000,109.33610000000004
100000,109.79150000000004
200000,114.51200000000006
400000,116.11710000000012
600000,122.34100000000011
800000,143.74300000000005
1000000,143.93020000000004
