Timestep,Value_at_Risk
2,0.13
3,0.13
100,4.421
200,8.7125
2000,61.518499999999996
10000,151.4305
20000,186.478
40000,211.2015
60000,229.6995
80000,237.24449999999996
100000,253.16549999999995
200000,284.92699999999996
400000,301.226
600000,314.8055
800000,323.63599999999997
1000000,330.09700000000004
