Timestep,Value_at_Risk
2,0.1
3,0.1
100,4.604000000000002
200,6.6030000000000015
2000,23.314000000000007
10000,38.702000000000005
20000,45.14600000000007
40000,49.504000000000055
60000,53.27500000000004
80000,53.30800000000006
100000,53.51900000000006
200000,54.119000000000064
400000,60.20900000000006
600000,70.40700000000001
800000,70.506
1000000,70.507
