Timestep,Value_at_Risk
2,0.1
3,0.1
100,9.11
200,19.11
2000,199.10999999999999
10000,999.11
20000,1999.11
40000,3999.11
60000,5999.110000000001
80000,7999.110000000001
100000,9999.11
200000,19999.109999999997
400000,39999.11
600000,59999.11
800000,79999.11
1000000,99999.11
