Timestep,Value_at_Risk
2,0.05
3,0.15
100,7.103500000000001
200,12.06600000000001
2000,70.37700000000022
10000,87.15050000000159
20000,100.91150000000152
40000,121.45400000000141
60000,126.84950000000138
80000,134.96750000000134
100000,140.21450000000132
200000,141.9965000000013
400000,144.0260000000013
600000,148.82750000000127
800000,151.64900000000125
1000000,154.47050000000124
