Timestep,Value_at_Risk
2,0.05
3,0.06
100,2.3840000000000003
200,4.186
2000,23.92
10000,64.17800000000001
20000,92.67699999999999
40000,129.197
60000,159.19400000000002
80000,182.982
100000,199.466
200000,278.51900000000006
400000,320.882
600000,366.077
800000,377.014
1000000,399.16600000000005
