Timestep,Value_at_Risk
2,0.04
3,0.04
100,1.36
200,2.7640000000000002
2000,22.572
10000,66.568
20000,87.7
40000,108.908
60000,121.30000000000001
80000,132.62400000000002
100000,136.21599999999998
200000,157.564
400000,177.56
600000,181.08
800000,183.88000000000002
1000000,188.048
