Timestep,Value_at_Risk
2,0.0
3,0.09
100,3.7809000000000004
200,9.287100000000008
2000,20.45160000000001
10000,30.85920000000004
20000,42.59880000000002
40000,48.3462
60000,50.773500000000006
80000,52.4763
100000,58.805100000000024
200000,62.7471
400000,64.19700000000006
600000,67.51980000000005
800000,78.8418
1000000,78.87060000000002
