Timestep,Value_at_Risk
2,0.05
3,0.05
100,1.73
200,3.46
2000,29.3935
10000,89.97449999999998
20000,132.6285
40000,197.64499999999998
60000,241.2085
80000,268.71149999999994
100000,301.888
200000,412.013
400000,539.1425
600000,612.6715
800000,657.911
1000000,693.0215
