Timestep,Value_at_Risk
2,0.0
3,0.09
100,4.768999999999999
200,6.745
2000,17.974
10000,30.542499999999997
20000,36.6795
40000,42.95399999999999
60000,45.55699999999998
80000,51.5135
100000,51.65599999999999
200000,54.21649999999998
400000,57.42749999999998
600000,60.049499999999995
800000,60.781
1000000,62.590499999999984
