Timestep,Value_at_Risk
2,0.01
3,0.1
100,3.3
200,6.516
2000,38.958000000000006
10000,86.229
20000,119.39900000000002
40000,169.201
60000,198.81300000000005
80000,224.51800000000006
100000,246.108
200000,350.00400000000013
400000,469.066
600000,536.195
800000,603.995
1000000,626.2380000000002
