Timestep,Value_at_Risk
2,0.1
3,0.11
100,5.878200000000004
200,10.7832
2000,33.661700000000025
10000,82.58900000000004
20000,116.49240000000002
40000,167.92170000000033
60000,224.4795000000006
80000,252.19950000000046
100000,259.04040000000043
200000,337.71320000000003
400000,339.4212000000001
600000,340.9669000000001
800000,345.46800000000013
1000000,383.1801000000003
