Timestep,Value_at_Risk
2,0.01
3,0.02
100,0.5201000000000001
200,1.0504000000000002
2000,11.523700000000002
10000,53.8633
20000,103.6564
40000,189.22790000000006
60000,254.21160000000003
80000,326.60600000000005
100000,362.9029000000001
200000,496.46330000000046
400000,724.2622000000003
600000,846.3709000000001
800000,894.0553000000002
1000000,923.5654000000002
