Timestep,Value_at_Risk
2,0.1
3,0.1
100,5.305200000000003
200,8.590500000000011
2000,30.082
10000,65.8261
20000,103.60140000000004
40000,147.05810000000002
60000,176.7577000000001
80000,217.64550000000008
100000,240.2102000000004
200000,303.65310000000017
400000,420.43170000000003
600000,438.1827000000001
800000,488.3562
1000000,488.48670000000004
