Timestep,Value_at_Risk
2,0.01
3,0.02
100,0.8820000000000002
200,1.69
2000,15.268000000000004
10000,63.39100000000002
20000,114.33800000000002
40000,167.03
60000,180.79300000000003
80000,208.93800000000002
100000,221.36000000000007
200000,280.19200000000006
400000,340.3950000000001
600000,379.16700000000003
800000,395.897
1000000,413.84600000000006
