Timestep,Value_at_Risk
2,0.1
3,0.2
100,6.7
200,13.004999999999999
2000,81.215
10000,144.19
20000,167.64
40000,187.80499999999998
60000,198.435
80000,204.795
100000,210.03
200000,226.42000000000002
400000,237.625
600000,250.60999999999999
800000,255.225
1000000,258.1
