Timestep,Value_at_Risk
2,0.13
3,0.13
100,4.393
200,8.593
2000,62.402
10000,144.001
20000,171.114
40000,201.65300000000002
60000,223.342
80000,229.68800000000005
100000,240.162
200000,264.834
400000,279.761
600000,296.536
800000,304.14000000000004
1000000,320.692
