Timestep,Value_at_Risk
2,0.09
3,0.09
100,3.23
200,6.365
2000,35.1545
10000,69.877
20000,82.9255
40000,93.86449999999999
60000,101.0085
80000,107.0935
100000,109.31649999999999
200000,118.81649999999999
400000,128.3875
600000,133.3845
800000,137.346
1000000,140.044
