Timestep,Value_at_Risk
2,0.01
3,0.02
100,0.9410000000000001
200,1.941
2000,19.941000000000003
10000,99.941
20000,199.931
40000,399.931
60000,599.9309999999999
80000,799.9309999999999
100000,999.9309999999999
200000,1999.931
400000,3999.9410000000003
600000,5999.941
800000,7999.941
1000000,9999.941
