Timestep,Value_at_Risk
2,0.1
3,0.1
100,3.401900000000001
200,6.781100000000001
2000,45.722
10000,104.33000000000001
20000,146.05400000000003
40000,206.84010000000006
60000,261.86990000000003
80000,339.6745000000001
100000,361.1011000000001
200000,470.51460000000014
400000,606.0207
600000,676.4115000000002
800000,721.0543
1000000,774.5138000000001
