Timestep,Value_at_Risk
2,0.05
3,0.09
100,3.7350000000000003
200,7.06
2000,40.257
10000,86.88600000000001
20000,99.73800000000001
40000,121.86900000000003
60000,128.3
80000,132.651
100000,137.01200000000003
200000,151.58700000000002
400000,164.01100000000002
600000,174.046
800000,175.52200000000002
1000000,175.85100000000003
