Timestep,Value_at_Risk
2,0.01
3,0.1
100,3.8670000000000004
200,5.421000000000001
2000,21.097000000000005
10000,47.686
20000,72.179
40000,111.48400000000001
60000,138.257
80000,160.251
100000,178.854
200000,230.0010000000001
400000,293.04200000000003
600000,325.43400000000014
800000,362.37600000000003
1000000,364.7070000000001
