Timestep,Value_at_Risk
2,0.01
3,0.05
100,1.7004000000000001
200,3.5012000000000008
2000,30.49600000000002
10000,103.75670000000002
20000,142.87620000000004
40000,192.67430000000002
60000,253.47820000000007
80000,279.0206000000003
100000,322.8323000000001
200000,443.69670000000053
400000,583.8787000000003
600000,782.9434000000002
800000,784.7244000000011
1000000,906.3961000000005
