Timestep,Value_at_Risk
2,0.18
3,0.18
100,8.7309
200,17.374500000000005
2000,47.345400000000005
10000,69.96150000000011
20000,82.99530000000006
40000,86.13180000000006
60000,97.70580000000004
80000,99.22050000000003
100000,100.02960000000002
200000,110.88360000000006
400000,116.34300000000003
600000,120.31200000000013
800000,120.96810000000013
1000000,121.23810000000013
