Timestep,Value_at_Risk
2,0.0
3,0.1
100,3.2
200,4.920000000000002
2000,14.910000000000002
10000,29.110000000000003
20000,32.470000000000006
40000,34.45000000000001
60000,36.93
80000,39.56
100000,40.150000000000006
200000,42.570000000000036
400000,47.140000000000015
600000,47.69000000000001
800000,48.14000000000001
1000000,53.68000000000001
