Timestep,Value_at_Risk
2,0.01
3,0.01
100,0.28
200,0.5310000000000001
2000,4.444000000000001
10000,19.057000000000006
20000,34.73100000000001
40000,59.162
60000,70.811
80000,88.79200000000002
100000,96.98700000000004
200000,142.816
400000,204.477
600000,230.87700000000007
800000,245.598
1000000,258.44800000000004
