Timestep,Value_at_Risk
2,0.1
3,0.1
100,3.6740000000000004
200,5.854000000000003
2000,22.851
10000,52.246
20000,78.09200000000001
40000,118.64300000000001
60000,134.187
80000,159.20200000000003
100000,169.05000000000007
200000,229.12300000000002
400000,280.778
600000,304.24800000000005
800000,323.35800000000006
1000000,344.55300000000005
