Timestep,Value_at_Risk
2,0.04
3,0.04
100,1.9280000000000006
200,3.048000000000001
2000,17.940000000000005
10000,40.300000000000004
20000,53.080000000000005
40000,68.10000000000002
60000,72.772
80000,78.332
100000,81.31200000000003
200000,93.424
400000,99.31600000000003
600000,106.492
800000,109.72000000000003
1000000,110.22400000000005
