Timestep,Value_at_Risk
2,0.1
3,0.11
100,4.939499999999999
200,7.446499999999999
2000,28.8355
10000,72.878
20000,107.927
40000,152.24099999999999
60000,207.81099999999998
80000,221.90099999999998
100000,223.81749999999997
200000,256.57099999999997
400000,286.69
600000,306.309
800000,322.8015
1000000,334.77
