Timestep,Value_at_Risk
2,0.04
3,0.13
100,8.610999999999999
200,17.611
2000,179.61100000000002
10000,899.611
20000,1799.6109999999999
40000,3599.6110000000003
60000,5399.611
80000,7199.611
100000,8999.611
200000,17999.611
400000,35999.611000000004
600000,53999.611000000004
800000,71999.611
1000000,89999.611
