Timestep,Value_at_Risk
2,0.1
3,0.15
100,9.21
200,19.21
2000,199.20999999999998
10000,999.21
20000,1999.21
40000,3999.21
60000,5999.21
80000,7999.21
100000,9999.210000000001
200000,19999.21
400000,39999.21
600000,59999.21
800000,79999.20999999999
1000000,99999.20999999999
