Timestep,Value_at_Risk
2,0.09
3,0.14
100,4.8509
200,9.491200000000001
2000,71.12000000000002
10000,149.4812
20000,184.14830000000003
40000,210.239
60000,224.13210000000004
80000,231.13570000000007
100000,238.60170000000005
200000,262.1065000000001
400000,278.1152000000001
600000,291.83490000000006
800000,302.45000000000005
1000000,311.3294000000001
