Timestep,Value_at_Risk
2,0.01
3,0.01
100,0.49
200,0.9209999999999999
2000,8.2515
10000,38.5195
20000,77.6575
40000,150.953
60000,196.00199999999998
80000,242.634
100000,296.7165
200000,436.89549999999986
400000,559.751
600000,624.875
800000,646.6039999999999
1000000,677.7084999999998
