Timestep,Value_at_Risk
2,0.2
3,0.2
100,6.901000000000001
200,13.504000000000001
2000,86.406
10000,153.89100000000005
20000,179.16100000000003
40000,201.45000000000005
60000,208.86800000000005
80000,223.14200000000002
100000,229.80700000000002
200000,245.43900000000002
400000,258.30600000000004
600000,269.07000000000005
800000,272.6480000000001
1000000,276.7540000000001
