Timestep,Value_at_Risk
2,0.1
3,0.15
100,5.05
200,9.9
2000,67.465
10000,142.10000000000002
20000,166.205
40000,191.17000000000004
60000,206.905
80000,216.57500000000002
100000,222.79000000000002
200000,241.13500000000002
400000,256.35
600000,268.66999999999996
800000,275.82
1000000,279.83500000000004
