Timestep,Value_at_Risk
2,0.09
3,0.09
100,3.321
200,6.551
2000,38.60700000000002
10000,73.75590000000007
20000,90.71550000000003
40000,99.26640000000005
60000,107.42310000000003
80000,112.16550000000002
100000,118.8495
200000,128.3467
400000,134.9066
600000,138.45850000000002
800000,141.84900000000002
1000000,144.15180000000004
