Timestep,Value_at_Risk
2,0.04
3,0.04
100,2.24
200,3.2819999999999996
2000,19.275999999999996
10000,44.20999999999999
20000,64.66999999999999
40000,76.432
60000,78.26399999999997
80000,95.06799999999998
100000,95.69599999999998
200000,102.692
400000,119.41199999999996
600000,129.29000000000002
800000,130.73999999999998
1000000,131.78199999999998
