Timestep,Value_at_Risk
2,0.01
3,0.02
100,0.9702000000000001
200,1.9302000000000001
2000,16.844400000000004
10000,75.39150000000005
20000,135.38920000000007
40000,186.64410000000007
60000,238.5688000000001
80000,256.45410000000004
100000,258.2147000000001
200000,354.7359000000001
400000,458.42070000000007
600000,488.384
800000,505.4461
1000000,513.3528000000001
