Timestep,Value_at_Risk
2,0.06
3,0.06
100,1.9303000000000001
200,3.9108000000000005
2000,34.042200000000015
10000,101.90570000000001
20000,145.41580000000005
40000,223.3675000000001
60000,290.3197
80000,324.54250000000013
100000,349.8554000000001
200000,417.0387000000008
400000,597.9142000000007
600000,676.9441000000008
800000,721.0825000000007
1000000,819.7093000000003
