Timestep,Value_at_Risk
2,0.01
3,0.01
100,0.36090000000000044
200,0.7206000000000002
2000,5.953400000000002
10000,23.82050000000002
20000,46.64720000000002
40000,67.02410000000006
60000,96.89180000000003
80000,109.8827000000001
100000,154.1424
200000,230.7239000000001
400000,261.05460000000005
600000,318.76200000000006
800000,337.3292
1000000,405.43530000000004
