Timestep,Value_at_Risk
2,0.04
3,0.13
100,5.4535
200,10.2585
2000,42.95499999999999
10000,81.5065
20000,96.13899999999997
40000,112.696
60000,115.609
80000,124.269
100000,127.335
200000,139.1075
400000,149.98199999999997
600000,158.7675
800000,159.90249999999997
1000000,162.80499999999998
