Timestep,Value_at_Risk
2,0.05
3,0.05
100,2.351
200,4.0050000000000034
2000,23.420000000000005
10000,65.706
20000,98.357
40000,137.05600000000004
60000,179.121
80000,189.95700000000016
100000,207.00300000000001
200000,268.58500000000004
400000,334.684
600000,362.315
800000,387.6290000000001
1000000,406.46000000000004
