Timestep,Value_at_Risk
2,0.05
3,0.06
100,2.04
200,4.051
2000,33.213
10000,103.02499999999999
20000,148.7
40000,210.424
60000,255.72400000000002
80000,281.08000000000004
100000,302.78700000000003
200000,365.353
400000,430.068
600000,462.409
800000,483.79
1000000,496.4920000000001
