Timestep,Value_at_Risk
2,0.01
3,0.01
100,0.5
200,0.99
2000,9.294300000000002
10000,39.70170000000002
20000,80.3577
40000,152.61020000000008
60000,220.13820000000007
80000,241.38120000000038
100000,309.39970000000017
200000,475.1101000000004
400000,543.2391000000007
600000,627.0624000000001
800000,687.5338000000002
1000000,713.5756000000005
