Timestep,Value_at_Risk
2,0.09
3,0.1
100,3.2720000000000002
200,6.103
2000,21.549000000000003
10000,53.77900000000001
20000,78.113
40000,125.41800000000005
60000,157.21
80000,166.45500000000007
100000,193.01100000000002
200000,252.72600000000006
400000,302.27500000000003
600000,334.7210000000001
800000,365.3360000000001
1000000,399.81500000000005
