Timestep,Value_at_Risk
2,0.01
3,0.02
100,0.9702000000000001
200,1.9702000000000002
2000,19.9702
10000,99.9702
20000,199.96020000000001
40000,399.9602
60000,599.9602
80000,799.9602
100000,999.9602
200000,1999.9602
400000,3999.9701999999997
600000,5999.970200000001
800000,7999.970200000001
1000000,9999.9702
