Timestep,Value_at_Risk
2,0.0
3,0.05
100,1.53
200,3.15
2000,24.687000000000012
10000,60.43500000000001
20000,76.88300000000001
40000,95.778
60000,108.24800000000002
80000,119.02500000000002
100000,124.63700000000001
200000,136.89000000000001
400000,152.65300000000002
600000,162.193
800000,165.27100000000002
1000000,169.708
