Timestep,Value_at_Risk
2,0.01
3,0.05
100,2.02
200,3.525000000000003
2000,20.714000000000006
10000,63.24300000000001
20000,92.29600000000002
40000,140.98400000000004
60000,169.366
80000,195.77900000000008
100000,219.228
200000,270.779
400000,355.94
600000,375.3880000000001
800000,405.65700000000004
1000000,429.194
