Timestep,Value_at_Risk
2,0.02
3,0.02
100,0.62
200,1.2905000000000002
2000,11.177500000000004
10000,54.3136
20000,100.9465
40000,190.953
60000,282.11070000000007
80000,362.28810000000004
100000,449.4322
200000,783.7839000000001
400000,1389.0984
600000,1865.0554000000002
800000,2182.2756000000004
1000000,2553.7322000000004
