Timestep,Value_at_Risk
2,0.05
3,0.05
100,1.71
200,3.28
2000,24.246000000000002
10000,79.254
20000,123.26900000000002
40000,190.881
60000,228.24000000000004
80000,260.90500000000003
100000,284.886
200000,358.997
400000,434.579
600000,484.80800000000005
800000,520.2950000000001
1000000,540.8549999999999
