Timestep,Value_at_Risk
2,0.01
3,0.01
100,0.41
200,0.8224999999999998
2000,7.402
10000,33.065000000000005
20000,62.3285
40000,112.101
60000,156.9545
80000,203.91150000000002
100000,241.172
200000,403.9905
400000,632.7315
600000,802.337
800000,931.9125
1000000,1054.8985
