Timestep,Value_at_Risk
2,0.01
3,0.01
100,0.38010000000000005
200,0.77
2000,7.230300000000001
10000,35.4602
20000,70.94170000000001
40000,135.184
60000,201.82
80000,265.9795000000001
100000,334.0308
200000,627.7218
400000,1168.007
600000,1574.4840000000002
800000,1983.5332000000003
1000000,2301.9422000000004
