Timestep,Value_at_Risk
2,0.1
3,0.1
100,3.8530000000000015
200,7.2010000000000005
2000,63.2595
10000,217.31000000000014
20000,342.22300000000024
40000,460.84450000000027
60000,550.3945000000003
80000,621.6230000000002
100000,649.1345000000001
200000,778.8880000000004
400000,958.8145000000001
600000,1024.9240000000002
800000,1083.6025
1000000,1110.1885000000002
