Timestep,Value_at_Risk
2,0.13
3,0.13
100,4.902800000000002
200,9.881400000000001
2000,69.02230000000002
10000,217.70050000000012
20000,308.9686000000001
40000,427.17550000000006
60000,499.0417000000001
80000,555.5518
100000,594.4135
200000,731.7708
400000,816.2913000000004
600000,910.6193000000002
800000,939.6489000000001
1000000,988.0988000000002
