Timestep,Value_at_Risk
2,0.01
3,0.11
100,3.7420000000000004
200,7.051000000000001
2000,44.104
10000,129.633
20000,193.911
40000,293.47
60000,371.23800000000006
80000,443.275
100000,503.003
200000,740.0570000000001
400000,1058.6870000000001
600000,1293.942
800000,1450.083
1000000,1548.586
