Timestep,Value_at_Risk
2,0.09
3,0.09
100,3.427600000000004
200,6.361900000000001
2000,40.00240000000001
10000,102.7033
20000,128.88840000000002
40000,169.7809
60000,190.2829
80000,197.87550000000005
100000,212.82560000000004
200000,251.81930000000003
400000,296.53130000000004
600000,314.14700000000005
800000,320.70500000000004
1000000,331.2698000000001
