Timestep,Value_at_Risk
2,0.05
3,0.05
100,1.8019999999999998
200,3.4264999999999994
2000,25.971999999999998
10000,84.119
20000,134.4535
40000,203.30749999999998
60000,241.5035
80000,268.866
100000,295.71049999999997
200000,379.06899999999996
400000,448.6545
600000,504.284
800000,547.0925
1000000,557.9575
