Timestep,Value_at_Risk
2,0.01
3,0.1
100,4.102100000000001
200,7.500500000000001
2000,41.81250000000003
10000,127.15430000000003
20000,173.06960000000007
40000,254.45760000000004
60000,321.2714
80000,366.64500000000015
100000,422.28830000000005
200000,626.8545000000001
400000,988.5458000000002
600000,1315.4906000000003
800000,1549.7815000000003
1000000,1729.2454000000007
