Timestep,Value_at_Risk
2,0.15
3,0.15
100,5.2025
200,9.702499999999999
2000,72.88
10000,220.07750000000001
20000,305.65250000000003
40000,398.18499999999995
60000,446.875
80000,494.355
100000,518.8175
200000,607.0475
400000,714.3399999999999
600000,765.9375
800000,794.0725
1000000,814.8449999999999
