Timestep,Value_at_Risk
2,0.0
3,0.01
100,0.23030000000000017
200,0.4902000000000001
2000,3.8910000000000005
10000,19.4033
20000,36.803200000000004
40000,74.2831
60000,105.2043
80000,135.7219
100000,172.47320000000002
200000,303.2241
400000,505.4410000000003
600000,714.2697000000002
800000,894.2760000000004
1000000,1057.5948000000003
