Timestep,Value_at_Risk
2,0.05
3,0.05
100,1.9010000000000005
200,3.802000000000001
2000,29.11200000000001
10000,102.2005
20000,136.13900000000007
40000,197.76950000000002
60000,237.11
80000,263.5235
100000,280.60300000000007
200000,355.0930000000001
400000,443.0400000000003
600000,491.1470000000002
800000,525.9920000000002
1000000,550.7255000000001
