Timestep,Value_at_Risk
2,0.14
3,0.14
100,4.7005
200,9.343
2000,66.1045
10000,202.97199999999998
20000,292.6515
40000,390.82199999999995
60000,457.3125
80000,503.238
100000,533.1419999999999
200000,637.8665
400000,738.01
600000,814.3924999999999
800000,844.831
1000000,869.7315
