Timestep,Value_at_Risk
2,0.02
3,0.02
100,0.5610000000000002
200,1.1
2000,10.466000000000001
10000,50.543
20000,96.276
40000,183.544
60000,270.123
80000,349.069
100000,424.78900000000004
200000,741.331
400000,1290.346
600000,1726.0970000000002
800000,2101.862
1000000,2382.549
