Timestep,Value_at_Risk
2,0.09
3,0.18
100,6.57
200,12.3345
2000,82.2195
10000,212.796
20000,285.066
40000,352.69199999999995
60000,394.785
80000,418.95
100000,438.89849999999996
200000,505.089
400000,556.398
600000,588.573
800000,613.0799999999999
1000000,632.88
