Timestep,Value_at_Risk
2,0.1
3,0.1
100,3.7403000000000004
200,7.056200000000003
2000,42.9186
10000,117.27420000000001
20000,174.31850000000003
40000,253.94570000000007
60000,315.0865
80000,371.2422000000001
100000,425.8026
200000,631.9236999999999
400000,980.7121
600000,1225.2250000000001
800000,1466.7375000000004
1000000,1681.5951000000002
