Timestep,Value_at_Risk
2,0.01
3,0.01
100,0.37049999999999994
200,0.74
2000,7.0445
10000,34.666999999999994
20000,68.4025
40000,134.28099999999998
60000,199.39899999999997
80000,260.204
100000,316.80999999999995
200000,594.2615
400000,1097.0829999999999
600000,1490.4435
800000,1889.679
1000000,2186.7665
