Timestep,Value_at_Risk
2,0.1
3,0.1
100,3.602000000000001
200,6.901000000000001
2000,38.903
10000,102.15200000000002
20000,141.54800000000003
40000,170.805
60000,194.55700000000002
80000,207.59700000000004
100000,220.227
200000,256.9100000000001
400000,292.55000000000007
600000,311.7040000000001
800000,328.783
1000000,337.08600000000007
