Timestep,Value_at_Risk
2,0.0
3,0.1
100,3.3100000000000005
200,6.010000000000001
2000,34.41
10000,84.45000000000002
20000,112.25
40000,141.70999999999998
60000,163.96
80000,176.17000000000002
100000,184.72
200000,211.17000000000004
400000,241.45000000000002
600000,260.15000000000003
800000,272.05
1000000,283.5
