Timestep,Value_at_Risk
2,0.09
3,0.18
100,6.753600000000002
200,12.6027
2000,84.71610000000001
10000,232.32330000000005
20000,301.13460000000003
40000,377.3151000000001
60000,411.89220000000006
80000,443.80260000000004
100000,460.9143000000001
200000,528.4341000000002
400000,599.4180000000003
600000,632.1987000000001
800000,672.6663000000001
1000000,705.5568000000002
