Timestep,Value_at_Risk
2,0.09
3,0.1
100,3.3
200,6.114000000000001
2000,38.66
10000,111.83600000000001
20000,164.53799999999998
40000,238.76700000000002
60000,303.541
80000,358.521
100000,408.52400000000006
200000,602.297
400000,916.2780000000001
600000,1171.0690000000002
800000,1379.5430000000001
1000000,1558.0310000000002
