Timestep,Value_at_Risk
2,0.1
3,0.1
100,3.411
200,6.061
2000,40.24300000000001
10000,110.099
20000,160.31500000000003
40000,235.532
60000,294.428
80000,344.56000000000006
100000,389.945
200000,589.967
400000,906.437
600000,1152.9080000000001
800000,1358.318
1000000,1549.3480000000002
