Timestep,Value_at_Risk
2,0.05
3,0.1
100,3.8505000000000003
200,7.252000000000001
2000,60.48450000000002
10000,213.5205
20000,317.81500000000005
40000,456.26800000000003
60000,533.8135
80000,595.8635
100000,657.6695000000002
200000,780.8135
400000,911.4040000000002
600000,981.501
800000,1029.955
1000000,1086.7865000000002
