Timestep,Value_at_Risk
2,0.1
3,0.15
100,5.503000000000002
200,10.653000000000002
2000,76.89000000000001
10000,211.92650000000003
20000,303.8405000000001
40000,397.9525
60000,467.9165
80000,505.7500000000001
100000,550.611
200000,633.2745
400000,739.1855000000003
600000,789.9100000000002
800000,828.7010000000001
1000000,875.0675000000001
