Timestep,Value_at_Risk
2,0.0
3,0.01
100,0.4104999999999999
200,0.7809999999999999
2000,7.4005
10000,32.652499999999996
20000,62.029999999999994
40000,114.648
60000,156.34699999999998
80000,195.8935
100000,236.218
200000,385.0695
400000,624.1225
600000,792.592
800000,908.3599999999999
1000000,1031.5495
