Timestep,Value_at_Risk
2,0.04
3,0.08
100,2.88
200,5.563999999999999
2000,50.065999999999995
10000,190.45
20000,299.72599999999994
40000,453.61199999999997
60000,559.3939999999999
80000,623.5459999999999
100000,691.8439999999999
200000,876.1619999999999
400000,1031.7399999999998
600000,1187.724
800000,1248.7060000000001
1000000,1279.186
