Timestep,Value_at_Risk
2,0.04
3,0.04
100,1.6404
200,3.081600000000001
2000,26.01920000000001
10000,81.56560000000005
20000,136.65120000000002
40000,202.57080000000005
60000,249.204
80000,288.304
100000,304.0436000000001
200000,398.2604
400000,476.3432
600000,536.3892000000001
800000,567.2252000000001
1000000,597.8992000000001
