Timestep,Value_at_Risk
2,0.09
3,0.09
100,4.054500000000002
200,7.290900000000001
2000,40.4271
10000,96.43590000000002
20000,135.43290000000005
40000,169.6338000000001
60000,197.89830000000003
80000,216.79650000000004
100000,227.78280000000004
200000,289.629
400000,333.78120000000007
600000,344.6424
800000,352.57500000000005
1000000,358.7958000000002
