Timestep,Value_at_Risk
2,0.0
3,0.01
100,0.21
200,0.4020000000000002
2000,3.5850000000000004
10000,17.342
20000,33.845
40000,65.32600000000001
60000,91.642
80000,119.608
100000,148.185
200000,263.61400000000003
400000,469.80400000000003
600000,655.313
800000,792.322
1000000,928.314
