Timestep,Value_at_Risk
2,0.11
3,0.11
100,4.441100000000001
200,7.702200000000001
2000,48.529200000000024
10000,145.34130000000005
20000,222.1459000000001
40000,328.84499999999997
60000,397.88160000000005
80000,473.707
100000,540.8667000000002
200000,848.8871
400000,1151.6377
600000,1393.4451000000001
800000,1539.3503000000003
1000000,1656.6761000000004
