Timestep,Value_at_Risk
2,0.09
3,0.18
100,6.12
200,11.4345
2000,78.8445
10000,217.017
20000,276.498
40000,343.0035
60000,390.64949999999993
80000,418.09499999999997
100000,434.96999999999997
200000,501.06149999999997
400000,572.787
600000,607.2615000000001
800000,630.342
1000000,646.704
