Timestep,Value_at_Risk
2,0.01
3,0.1
100,4.1507000000000005
200,8.322900000000002
2000,47.1454
10000,122.68670000000003
20000,168.66720000000007
40000,246.9128
60000,318.22810000000004
80000,374.1859000000001
100000,438.8759000000001
200000,655.4245000000001
400000,968.4804000000005
600000,1272.5878000000002
800000,1478.6869000000008
1000000,1713.8469000000002
