Timestep,Value_at_Risk
2,0.01
3,0.01
100,0.2
200,0.3910000000000001
2000,3.672
10000,17.204
20000,32.986000000000004
40000,62.56000000000001
60000,91.822
80000,121.45400000000001
100000,146.58300000000003
200000,267.284
400000,471.747
600000,641.4830000000001
800000,773.3340000000001
1000000,901.457
