Timestep,Value_at_Risk
2,0.05
3,0.14
100,5.0
200,9.583
2000,68.8095
10000,203.06749999999997
20000,296.5715
40000,408.9435
60000,463.4945
80000,510.1605
100000,538.8104999999999
200000,643.254
400000,734.6455
600000,806.8415
800000,862.468
1000000,884.7485
