Timestep,Value_at_Risk
2,0.1
3,0.1
100,3.3100000000000005
200,6.4
2000,34.75000000000001
10000,84.58000000000001
20000,112.86000000000001
40000,153.18
60000,168.0
80000,183.69
100000,192.92000000000002
200000,223.50000000000003
400000,254.73
600000,271.52
800000,282.39000000000004
1000000,289.88000000000005
