Timestep,Value_at_Risk
2,0.01
3,0.02
100,0.7801000000000001
200,1.5601
2000,14.9815
10000,69.52239999999999
20000,137.14190000000002
40000,257.5605
60000,364.8013
80000,453.2585000000001
100000,563.8504
200000,969.1175000000002
400000,1598.4334000000001
600000,1962.2678
800000,2355.1049000000003
1000000,2586.9244000000003
