Timestep,Value_at_Risk
2,0.01
3,0.01
100,0.4002000000000001
200,0.8102000000000001
2000,7.3403
10000,36.35560000000001
20000,71.8942
40000,138.1857
60000,209.34590000000003
80000,268.2655000000001
100000,326.0064000000001
200000,622.2198000000001
400000,1132.0307
600000,1582.8208000000004
800000,2010.0676000000005
1000000,2392.506600000001
