Timestep,Value_at_Risk
2,0.05
3,0.06
100,2.3303000000000003
200,4.591900000000001
2000,37.0541
10000,134.59210000000004
20000,218.02710000000002
40000,352.6173000000001
60000,469.53880000000004
80000,578.8347
100000,661.5937
200000,977.9097
400000,1305.4757
600000,1548.8945
800000,1729.3141
1000000,1910.4801
