Timestep,Value_at_Risk
2,0.09
3,0.19
100,7.032800000000002
200,12.642800000000001
2000,85.6947
10000,220.48640000000006
20000,290.9757000000001
40000,359.3966000000002
60000,403.5486000000001
80000,441.7379000000001
100000,459.3613
200000,511.92940000000027
400000,563.3873000000002
600000,612.2741
800000,630.9283000000001
1000000,650.2154000000002
