Timestep,Value_at_Risk
2,0.04
3,0.04
100,1.44
200,2.7640000000000002
2000,22.076
10000,75.85600000000001
20000,120.69600000000001
40000,179.94400000000002
60000,219.752
80000,242.064
100000,271.75600000000003
200000,353.776
400000,435.368
600000,479.35200000000003
800000,517.9840000000002
1000000,559.836
