Timestep,Value_at_Risk
2,0.01
3,0.02
100,0.56
200,1.08
2000,10.510000000000002
10000,49.916
20000,95.90900000000002
40000,182.395
60000,264.62199999999996
80000,337.75300000000004
100000,405.22200000000004
200000,731.1170000000001
400000,1259.422
600000,1677.699
800000,2038.834
1000000,2308.493
