Timestep,Value_at_Risk
2,0.01
3,0.02
100,0.58
200,1.1304999999999998
2000,10.607999999999999
10000,51.1465
20000,97.065
40000,185.71099999999998
60000,267.9375
80000,344.49399999999997
100000,419.931
200000,761.891
400000,1288.2725
600000,1769.0249999999999
800000,2132.284
1000000,2420.196
