Timestep,Value_at_Risk
2,0.01
3,0.06
100,2.3505000000000003
200,4.6203
2000,37.2291
10000,131.77550000000002
20000,222.15070000000006
40000,362.94140000000004
60000,462.0683
80000,561.2804
100000,636.7172
200000,909.4332000000003
400000,1356.1805000000002
600000,1598.149400000001
800000,1882.8638
1000000,2013.9998
