Timestep,Value_at_Risk
2,0.09
3,0.1
100,3.7916000000000007
200,7.4304
2000,42.6809
10000,127.35580000000003
20000,178.79410000000001
40000,255.45110000000003
60000,320.15160000000003
80000,376.98380000000003
100000,423.78120000000007
200000,635.1610000000001
400000,989.3445000000003
600000,1277.1999000000003
800000,1552.4157000000002
1000000,1787.5098000000003
