Timestep,Value_at_Risk
2,0.1
3,0.1
100,3.4039999999999995
200,6.75
2000,40.83
10000,111.9965
20000,162.559
40000,244.7395
60000,307.1955
80000,361.4445
100000,409.816
200000,625.6295
400000,960.2815
600000,1203.2275
800000,1432.723
1000000,1613.5639999999999
