Timestep,Value_at_Risk
2,0.05
3,0.15
100,5.651500000000001
200,10.554500000000003
2000,73.89800000000002
10000,224.69200000000004
20000,309.4125000000001
40000,413.60600000000005
60000,465.581
80000,503.13450000000006
100000,555.778
200000,656.2590000000001
400000,739.8425000000004
600000,784.9855000000005
800000,831.5255000000003
1000000,847.3610000000003
