Timestep,Value_at_Risk
2,0.05
3,0.14
100,5.232500000000002
200,10.184600000000001
2000,71.9116
10000,223.45910000000003
20000,311.4017
40000,429.1008
60000,499.78510000000006
80000,560.7132
100000,592.7916000000001
200000,740.8144000000001
400000,818.5309000000002
600000,855.7594000000004
800000,907.1392000000004
1000000,927.5960000000005
