Timestep,Value_at_Risk
2,0.05
3,0.06
100,2.2905
200,4.3512
2000,33.4917
10000,120.10950000000001
20000,181.51470000000003
40000,288.84880000000004
60000,369.5587
80000,447.5778
100000,511.2301000000001
200000,758.5153000000001
400000,1087.1183000000003
600000,1422.0715
800000,1643.2674
1000000,1897.9503000000004
