Timestep,Value_at_Risk
2,0.05
3,0.05
100,1.8
200,3.5
2000,26.154999999999998
10000,80.98500000000001
20000,126.27500000000002
40000,177.14000000000001
60000,216.81
80000,244.965
100000,266.965
200000,327.56
400000,403.98
600000,442.485
800000,477.685
1000000,491.08000000000004
