Timestep,Value_at_Risk
2,0.01
3,0.05
100,1.8904999999999998
200,3.7505
2000,28.378999999999994
10000,107.6945
20000,171.88
40000,275.242
60000,354.53299999999996
80000,430.311
100000,498.745
200000,762.012
400000,1103.417
600000,1384.06
800000,1598.4605
1000000,1833.9205000000002
