Timestep,Value_at_Risk
2,0.01
3,0.01
100,0.39030000000000015
200,0.7505000000000003
2000,7.541200000000001
10000,36.1681
20000,71.3224
40000,137.73930000000001
60000,200.6262
80000,262.4459
100000,329.5167
200000,612.5561000000001
400000,1106.5414
600000,1556.1725000000004
800000,1943.6033000000002
1000000,2357.5312
