Timestep,Value_at_Risk
2,0.19
3,0.19
100,7.032800000000002
200,13.025700000000002
2000,86.74810000000001
10000,215.3676
20000,280.33360000000016
40000,350.745
60000,385.0058000000001
80000,422.0138
100000,446.66270000000003
200000,503.4630000000002
400000,577.2371
600000,605.2004000000001
800000,611.5036
1000000,631.6866
