Timestep,Value_at_Risk
2,0.05
3,0.05
100,2.0
200,3.6525
2000,27.845
10000,90.43499999999999
20000,139.0075
40000,190.6275
60000,222.16499999999996
80000,253.415
100000,276.87749999999994
200000,354.7625
400000,429.1625
600000,458.38
800000,489.9
1000000,498.75249999999994
