Timestep,Value_at_Risk
2,0.01
3,0.1
100,4.1706
200,6.965700000000003
2000,43.950700000000005
10000,124.06020000000005
20000,174.82330000000002
40000,258.0921
60000,322.73190000000005
80000,379.26480000000004
100000,438.79460000000006
200000,644.5142000000002
400000,1003.8286
600000,1303.6062000000002
800000,1498.3228000000013
1000000,1724.2619000000009
