Timestep,Value_at_Risk
2,0.02
3,0.02
100,0.7409999999999999
200,1.4809999999999999
2000,13.953
10000,66.0125
20000,126.978
40000,241.931
60000,346.729
80000,439.629
100000,525.0915
200000,908.356
400000,1510.3509999999999
600000,1959.8425
800000,2245.8835
1000000,2482.712
