Timestep,Value_at_Risk
2,0.14
3,0.14
100,5.043
200,9.360999999999999
2000,68.515
10000,210.2135
20000,301.27399999999994
40000,407.714
60000,474.6565
80000,520.566
100000,554.505
200000,665.8285
400000,759.2945
600000,829.6339999999999
800000,877.9825
1000000,896.3145
