Timestep,Value_at_Risk
2,0.1
3,0.15
100,5.255000000000001
200,9.560000000000002
2000,69.34
10000,202.25
20000,281.57
40000,375.72
60000,432.665
80000,468.795
100000,498.44500000000005
200000,586.575
400000,693.11
600000,736.5200000000001
800000,768.6500000000001
1000000,796.6650000000001
