Timestep,Value_at_Risk
2,0.05
3,0.05
100,2.1204000000000005
200,3.9002
2000,30.421500000000005
10000,118.40020000000001
20000,189.84830000000002
40000,288.4216000000001
60000,403.73160000000007
80000,465.3204
100000,528.9819000000001
200000,754.3294000000005
400000,1163.6465000000007
600000,1429.195200000001
800000,1739.5097000000005
1000000,2003.0449
