Timestep,Value_at_Risk
2,0.09
3,0.09
100,3.61
200,6.36
2000,40.88800000000002
10000,98.96320000000004
20000,134.0438
40000,171.73340000000007
60000,189.31200000000007
80000,206.69980000000004
100000,219.70360000000002
200000,262.0556
400000,293.6403000000001
600000,307.0039000000001
800000,330.3732
1000000,335.21610000000004
