Timestep,Value_at_Risk
2,0.05
3,0.06
100,2.1830000000000003
200,4.042
2000,34.071000000000005
10000,124.553
20000,204.69200000000004
40000,333.28000000000003
60000,433.18600000000004
80000,514.629
100000,579.7460000000001
200000,848.522
400000,1205.326
600000,1442.7160000000001
800000,1606.631
1000000,1774.4490000000003
