Timestep,Value_at_Risk
2,0.04
3,0.13
100,4.904600000000003
200,9.922500000000001
2000,67.44740000000002
10000,205.46020000000001
20000,307.8907
40000,424.0395000000001
60000,515.3259
80000,566.1336000000001
100000,606.4883000000001
200000,710.4215
400000,837.2233000000001
600000,892.4481000000002
800000,932.9683000000002
1000000,966.7390000000003
