Timestep,Value_at_Risk
2,0.05
3,0.06
100,1.96
200,3.7649999999999997
2000,30.753999999999998
10000,110.351
20000,177.182
40000,277.63599999999997
60000,362.099
80000,439.25849999999997
100000,491.249
200000,738.058
400000,1112.896
600000,1398.0355
800000,1621.562
1000000,1832.2079999999999
