Timestep,Value_at_Risk
2,0.01
3,0.01
100,0.2010000000000001
200,0.39
2000,3.822
10000,17.962
20000,33.788000000000004
40000,63.25
60000,94.242
80000,123.266
100000,150.80700000000002
200000,265.136
400000,473.59400000000005
600000,636.479
800000,778.443
1000000,916.3110000000001
