Timestep,Value_at_Risk
2,0.05
3,0.05
100,1.9915000000000007
200,4.1207
2000,30.626200000000004
10000,112.55760000000002
20000,187.87980000000002
40000,299.286
60000,392.4117000000001
80000,462.1301000000001
100000,551.3705
200000,820.5542000000002
400000,1234.2545000000002
600000,1485.0339000000004
800000,1811.2153
1000000,1964.4655000000002
