Timestep,Value_at_Risk
2,0.01
3,0.01
100,0.4310000000000005
200,0.9101000000000001
2000,7.772400000000001
10000,34.07830000000001
20000,64.9291
40000,119.5834
60000,162.7744
80000,216.72040000000004
100000,249.99460000000002
200000,423.6101000000001
400000,668.8540000000006
600000,891.9183
800000,978.4034000000008
1000000,1162.6659000000006
