Timestep,Value_at_Risk
2,0.15
3,0.15
100,4.955000000000001
200,9.655000000000001
2000,67.51
10000,201.01000000000002
20000,283.76
40000,370.25
60000,421.55
80000,461.175
100000,497.83
200000,586.11
400000,664.8250000000002
600000,741.0400000000001
800000,774.5550000000002
1000000,809.715
