Timestep,Value_at_Risk
2,0.0
3,0.01
100,0.21
200,0.43
2000,3.6715
10000,18.147499999999997
20000,35.2595
40000,67.7815
60000,96.464
80000,127.832
100000,156.749
200000,278.32800000000003
400000,486.036
600000,671.579
800000,835.939
1000000,958.0654999999999
