Timestep,Value_at_Risk
2,0.05
3,0.09
100,3.5514000000000006
200,6.882700000000002
2000,55.6736
10000,196.2126
20000,323.5104
40000,446.09630000000016
60000,542.0385000000001
80000,618.6757000000001
100000,677.0695000000001
200000,824.3991000000002
400000,984.1914000000002
600000,1068.8571
800000,1110.0136
1000000,1158.7446000000002
