Timestep,Value_at_Risk
2,0.01
3,0.01
100,0.24020000000000008
200,0.4402000000000001
2000,4.070600000000001
10000,20.102100000000004
20000,36.56580000000001
40000,69.30370000000002
60000,103.65300000000002
80000,133.28310000000002
100000,168.7227
200000,292.76470000000006
400000,533.9468
600000,698.2737000000004
800000,909.0058
1000000,1034.1113000000003
