Timestep,Value_at_Risk
2,0.01
3,0.01
100,0.22030000000000016
200,0.41050000000000025
2000,4.240500000000001
10000,19.404400000000003
20000,36.88140000000001
40000,67.95960000000002
60000,100.7899
80000,131.7734
100000,163.89650000000006
200000,297.08230000000003
400000,515.1277000000001
600000,703.2370000000001
800000,823.1429000000002
1000000,988.9582
