Timestep,Value_at_Risk
2,0.09
3,0.19
100,6.65
200,12.735
2000,80.6645
10000,212.80949999999999
20000,285.3945
40000,347.111
60000,380.47499999999997
80000,406.19649999999996
100000,426.43149999999997
200000,486.10549999999995
400000,538.0799999999999
600000,568.1379999999999
800000,587.062
1000000,595.712
