Timestep,Value_at_Risk
2,0.01
3,0.01
100,0.2
200,0.38
2000,3.672
10000,17.753
20000,34.024
40000,62.92100000000001
60000,91.222
80000,118.63500000000002
100000,143.94500000000002
200000,268.935
400000,469.296
600000,646.5050000000001
800000,805.1070000000001
1000000,936.465
