Timestep,Value_at_Risk
2,0.04
3,0.04
100,1.56
200,3.04
2000,24.29
10000,81.362
20000,133.34199999999998
40000,196.184
60000,238.52999999999997
80000,264.81199999999995
100000,287.662
200000,386.762
400000,497.20799999999997
600000,530.476
800000,581.852
1000000,606.844
