Timestep,Value_at_Risk
2,0.05
3,0.05
100,2.1407000000000003
200,3.9110000000000005
2000,30.753300000000007
10000,119.96320000000003
20000,185.35960000000006
40000,297.8415
60000,384.27770000000004
80000,475.25960000000003
100000,537.9472000000001
200000,800.863
400000,1162.143
600000,1461.7984999999999
800000,1715.7140000000004
1000000,1947.6281000000001
