Timestep,Value_at_Risk
2,0.05
3,0.15
100,5.400500000000001
200,10.25
2000,76.31500000000003
10000,222.47350000000006
20000,311.0410000000001
40000,432.69850000000014
60000,478.2785000000003
80000,524.0620000000005
100000,554.8130000000004
200000,677.6755000000003
400000,769.4765000000003
600000,840.5265000000004
800000,860.6505000000003
1000000,892.9335000000003
