Timestep,Value_at_Risk
2,0.04
3,0.13
100,4.59
200,8.963000000000001
2000,64.7625
10000,200.561
20000,299.16749999999996
40000,407.78
60000,492.517
80000,532.1379999999999
100000,574.0125
200000,675.1105
400000,794.538
600000,875.6775
800000,908.606
1000000,937.7835
