Timestep,Value_at_Risk
2,0.09
3,0.14
100,5.322100000000002
200,10.027800000000003
2000,71.11180000000002
10000,214.57410000000007
20000,311.4721000000001
40000,430.39770000000004
60000,479.051
80000,528.4267000000001
100000,575.3308000000001
200000,660.5367000000002
400000,772.5804000000002
600000,886.2985000000001
800000,917.5718000000002
1000000,950.8301000000001
