Timestep,Value_at_Risk
2,0.0
3,0.1
100,3.6070000000000038
200,7.0080000000000044
2000,40.016000000000005
10000,95.56800000000004
20000,135.7
40000,167.83800000000002
60000,185.504
80000,200.32500000000002
100000,207.537
200000,248.44100000000012
400000,286.65800000000013
600000,305.9820000000001
800000,308.89400000000006
1000000,316.5930000000003
