Timestep,Value_at_Risk
2,0.0
3,0.01
100,0.21010000000000004
200,0.4202000000000001
2000,4.062600000000001
10000,18.8504
20000,37.50200000000001
40000,72.88020000000004
60000,107.35860000000007
80000,144.62390000000002
100000,164.49130000000002
200000,309.3965
400000,511.32050000000004
600000,668.7537000000001
800000,882.3033
1000000,1024.5183
