Timestep,Value_at_Risk
2,0.09
3,0.1
100,3.901700000000001
200,6.513000000000002
2000,42.16290000000002
10000,120.87610000000001
20000,184.34610000000012
40000,259.53010000000023
60000,328.5550000000002
80000,392.31210000000004
100000,440.7072000000001
200000,643.4984000000001
400000,1023.0261000000002
600000,1256.3067000000003
800000,1486.5642000000003
1000000,1649.3907000000002
