Timestep,Value_at_Risk
2,0.1
3,0.1
100,3.6
200,6.9
2000,57.26
10000,202.72
20000,297.03000000000003
40000,417.09499999999997
60000,495.775
80000,550.6350000000001
100000,600.9000000000001
200000,720.6800000000001
400000,859.45
600000,922.62
800000,983.19
1000000,1016.43
