Timestep,Value_at_Risk
2,0.013333333333333334
3,0.013333333333333334
100,0.5127777777777777
200,1.0418
2000,10.543966666666664
10000,50.06966666666667
20000,102.59484444444445
40000,198.49242222222222
60000,271.9859777777778
80000,337.5593555555556
100000,380.06435555555555
