Timestep,Value_at_Risk
2,0.01
3,0.01
100,0.4167333333333334
200,0.8469000000000001
2000,8.3328
10000,38.02690000000001
20000,75.31606666666669
40000,154.75050000000002
60000,219.30640000000002
80000,274.53760000000005
100000,327.9220666666669
