Timestep,Value_at_Risk
2,0.14444444444444446
3,0.43333333333333335
100,12.817074074074077
