Timestep,Value_at_Risk
2,0.013333333333333334
3,0.013333333333333334
100,0.4667111111111111
200,0.9292888888888888
2000,8.6974
10000,38.620511111111114
20000,75.69180000000001
40000,143.80482222222224
60000,189.5868222222222
80000,230.24558888888893
100000,264.32244444444444
