Timestep,Value_at_Risk
2,0.20000000000000004
3,0.3
100,11.477999999999989
