Timestep,Value_at_Risk
2,0.39999999999999997
3,0.39999999999999997
100,12.190555555555555
