Timestep,Value_at_Risk
2,0.13333333333333333
3,0.26666666666666666
100,7.633888888888889
200,13.848777777777778
2000,47.95255555555556
10000,71.68344444444446
20000,80.18855555555557
40000,86.40733333333337
60000,90.34011111111113
80000,93.06933333333332
100000,94.80466666666668
