Timestep,Average Total Reward,Average Suboptimal Arms,Average Regret,Average Zeros Count,Average Ones Count
2,1.648,1.3,0.15500000000000064,0.352,1.648
3,2.471,2.0,0.24000000000000338,0.529,2.471
100,82.055,66.6,7.990000000000038,17.945,82.055
