Timestep,Average Total Reward,Average Suboptimal Arms,Average Regret,Average Zeros Count,Average Ones Count
2,1.6658333333333333,1.3333333333333333,0.15000000000000052,0.33416666666666667,1.6658333333333333
3,2.4908333333333332,2.0,0.22500000000000156,0.5091666666666667,2.4908333333333332
100,82.535,66.66666666666667,7.4999999999999405,17.465,82.535
