Timestep,Average Total Reward,Average Suboptimal Arms,Average Regret,Average Zeros Count,Average Ones Count
2,1.6271428571428572,1.2857142857142858,0.17857142857142785,0.37285714285714283,1.6271428571428572
3,2.4557142857142855,2.0,0.27857142857143097,0.5442857142857143,2.4557142857142855
100,81.15,65.43142857142857,9.008428571428567,18.85,81.15
