Timestep,Average Total Reward,Average Suboptimal Arms,Average Regret,Average Zeros Count,Average Ones Count
2,1.6414285714285715,1.2857142857142858,0.17857142857142785,0.3585714285714286,1.6414285714285715
3,2.4285714285714284,2.0,0.27857142857143097,0.5714285714285714,2.4285714285714284
100,85.53285714285714,36.59285714285714,4.494500000000006,14.467142857142857,85.53285714285714
