Timestep,Average Total Reward,Average Suboptimal Arms,Average Regret,Average Zeros Count,Average Ones Count
2,1.6566666666666667,1.2222222222222223,0.1555555555555556,0.3433333333333333,1.6566666666666667
3,2.4588888888888887,2.0,0.2500000000000031,0.5411111111111111,2.4588888888888887
100,81.78666666666666,66.55555555555556,8.322222222222265,18.213333333333335,81.78666666666666
