Timestep,Average Total Reward,Average Suboptimal Arms,Average Regret,Average Zeros Count,Average Ones Count
2,1.6636363636363636,1.2727272727272727,0.15000000000000005,0.33636363636363636,1.6636363636363636
3,2.48,2.0,0.23181818181818542,0.52,2.48
100,82.41,66.63636363636364,7.722727272727274,17.59,82.41
