Timestep,Average Total Reward,Average Suboptimal Arms,Average Regret,Average Zeros Count,Average Ones Count
2,1.651,1.3,0.15500000000000064,0.349,1.651
3,2.465,2.0,0.24000000000000338,0.535,2.465
100,82.11,66.6,7.990000000000038,17.89,82.11
