Timestep,Average Total Reward,Average Suboptimal Arms,Average Regret,Average Zeros Count,Average Ones Count
2,1.6166666666666667,1.3333333333333333,0.19999999999999962,0.38333333333333336,1.6166666666666667
3,2.408333333333333,2.0,0.3000000000000018,0.5916666666666667,2.408333333333333
100,80.10833333333333,66.66666666666667,10.000000000000124,19.891666666666666,80.10833333333333
