Timestep,Average Total Reward,Average Suboptimal Arms,Average Regret,Average Zeros Count,Average Ones Count
2,1.64,1.3333333333333333,0.15000000000000052,0.36,1.64
3,2.493333333333333,2.0,0.22500000000000156,0.5066666666666667,2.493333333333333
100,85.845,43.299166666666665,4.235000000000006,14.155,85.845
