Timestep,Average Total Reward,Average Suboptimal Arms,Average Regret,Average Zeros Count,Average Ones Count
2,1.6336363636363636,1.2727272727272727,0.15000000000000005,0.3663636363636364,1.6336363636363636
3,2.478181818181818,2.0,0.23181818181818542,0.5218181818181818,2.478181818181818
100,85.75363636363636,42.56272727272727,4.30277272727273,14.246363636363636,85.75363636363636
