Timestep,Average Total Reward,Average Suboptimal Arms,Average Regret,Average Zeros Count,Average Ones Count
2,1.82,0.085,0.012500000000000002,0.18,1.82
3,2.695,0.135,0.021000000000000008,0.305,2.695
100,88.08,13.58,1.8369999999999995,11.92,88.08
