Timestep,Average Total Reward,Average Suboptimal Arms,Average Regret,Average Zeros Count,Average Ones Count
2,1.646,1.201,0.14024999999999968,0.354,1.646
3,2.484,1.804,0.21079999999999982,0.516,2.484
100,84.978,47.523,5.148949999999998,15.022,84.978
