Timestep,Average Total Reward,Average Suboptimal Arms,Average Regret,Average Zeros Count,Average Ones Count
2,1.6383333333333334,1.3216666666666668,0.1484583333333314,0.3616666666666667,1.6383333333333334
3,2.4691666666666667,1.9825,0.22283333333333474,0.5308333333333334,2.4691666666666667
100,84.7725,51.36666666666667,5.313333333333332,15.2275,84.7725
