Timestep,Average Total Reward,Average Suboptimal Arms,Average Regret,Average Zeros Count,Average Ones Count
2,1.66,1.1288888888888888,0.146277777777778,0.34,1.66
3,2.4811111111111113,1.6977777777777778,0.21983333333333258,0.5188888888888888,2.4811111111111113
100,84.50777777777778,45.91555555555556,5.410111111111114,15.492222222222223,84.50777777777778
