Timestep,Average Total Reward,Average Suboptimal Arms,Average Regret,Average Zeros Count,Average Ones Count
2,1.66,1.2857142857142858,0.1428571428571425,0.34,1.66
3,2.494285714285714,1.9157142857142857,0.2130000000000026,0.5057142857142857,2.494285714285714
100,83.03571428571429,63.26357142857143,6.960392857142812,16.964285714285715,83.03571428571429
