Timestep,Average Total Reward,Average Suboptimal Arms,Average Regret,Average Zeros Count,Average Ones Count
2,1.6654545454545455,1.2727272727272727,0.15000000000000005,0.33454545454545453,1.6654545454545455
3,2.49,2.0,0.23181818181818542,0.51,2.49
100,82.64545454545454,64.23727272727272,7.283818181818173,17.354545454545455,82.64545454545454
