Timestep,Average Total Reward,Average Suboptimal Arms,Average Regret,Average Zeros Count,Average Ones Count
2,1.6658333333333333,1.3333333333333333,0.15000000000000052,0.33416666666666667,1.6658333333333333
3,2.4808333333333334,2.0,0.22500000000000156,0.5191666666666667,2.4808333333333334
100,85.98416666666667,42.005,4.0654583333333365,14.015833333333333,85.98416666666667
