Timestep,Average Total Reward,Average Suboptimal Arms,Average Regret,Average Zeros Count,Average Ones Count
2,1.7566666666666666,1.0,0.1333333333333335,0.24333333333333335,1.7566666666666666
3,2.526666666666667,2.0,0.2999999999999983,0.47333333333333333,2.526666666666667
100,81.98333333333333,56.903333333333336,8.16833333333334,18.016666666666666,81.98333333333333
