Timestep,Average Total Reward,Average Suboptimal Arms,Average Regret,Average Zeros Count,Average Ones Count
2,1.6677777777777778,1.2222222222222223,0.1555555555555556,0.3322222222222222,1.6677777777777778
3,2.482222222222222,2.0,0.2500000000000031,0.5177777777777778,2.482222222222222
100,83.22222222222223,56.36333333333334,6.718444444444424,16.77777777777778,83.22222222222223
