Timestep,Average Total Reward,Average Suboptimal Arms,Average Regret,Average Zeros Count,Average Ones Count
2,1.6666666666666667,1.0,0.1333333333333335,0.3333333333333333,1.6666666666666667
3,2.4,2.0,0.2999999999999983,0.6,2.4
100,82.44,53.50333333333333,7.602333333333331,17.56,82.44
