Timestep,Average Total Reward,Average Suboptimal Arms,Average Regret,Average Zeros Count,Average Ones Count
2,1.6735714285714285,1.2857142857142858,0.1428571428571425,0.3264285714285714,1.6735714285714285
3,2.5107142857142857,1.9221428571428572,0.21364285714285952,0.48928571428571427,2.5107142857142857
100,84.45428571428572,54.635714285714286,5.711357142857133,15.545714285714286,84.45428571428572
