Timestep,Average Total Reward,Average Suboptimal Arms,Average Regret,Average Zeros Count,Average Ones Count
2,1.661,1.3,0.15500000000000064,0.339,1.661
3,2.48,2.0,0.24000000000000338,0.52,2.48
100,83.747,56.496,6.321849999999988,16.253,83.747
