Timestep,Average Total Reward,Average Suboptimal Arms,Average Regret,Average Zeros Count,Average Ones Count
2,1.6083333333333334,1.3333333333333333,0.19999999999999962,0.39166666666666666,1.6083333333333334
3,2.408333333333333,2.0,0.3000000000000018,0.5916666666666667,2.408333333333333
100,82.415,53.44833333333333,7.580499999999997,17.585,82.415
