Timestep,Average Total Reward,Average Suboptimal Arms,Average Regret,Average Zeros Count,Average Ones Count
2,1.6463636363636365,1.2727272727272727,0.15000000000000005,0.35363636363636364,1.6463636363636365
3,2.458181818181818,2.0,0.23181818181818542,0.5418181818181819,2.458181818181818
100,83.75181818181818,57.00818181818182,6.172590909090913,16.24818181818182,83.75181818181818
