Timestep,Average Total Reward,Average Suboptimal Arms,Average Regret,Average Zeros Count,Average Ones Count
2,1.71,1.0,0.09999999999999981,0.29,1.71
3,2.34,2.0,0.3000000000000005,0.66,2.34
100,82.75,53.41,7.543000000000001,17.25,82.75
