Timestep,Average Total Reward,Average Suboptimal Arms,Average Regret,Average Zeros Count,Average Ones Count
2,1.612,1.2,0.1800000000000001,0.388,1.612
3,2.39,2.0,0.29999999999999993,0.61,2.39
100,82.382,53.296,7.559999999999999,17.618,82.382
