Timestep,Average Total Reward,Average Suboptimal Arms,Average Regret,Average Zeros Count,Average Ones Count
2,1.6557142857142857,1.2857142857142858,0.1428571428571425,0.3442857142857143,1.6557142857142857
3,2.4857142857142858,1.9207142857142858,0.2135000000000024,0.5142857142857142,2.4857142857142858
100,84.28571428571429,54.55642857142857,5.711285714285712,15.714285714285714,84.28571428571429
