Timestep,Average Total Reward,Average Suboptimal Arms,Average Regret,Average Zeros Count,Average Ones Count
2,1.6366666666666667,1.0,0.1333333333333335,0.36333333333333334,1.6366666666666667
3,2.33,2.0,0.2999999999999983,0.67,2.33
100,82.53333333333333,53.86333333333334,7.598333333333336,17.466666666666665,82.53333333333333
