Timestep,Average Total Reward,Average Suboptimal Arms,Average Regret,Average Zeros Count,Average Ones Count
2,1.6636363636363636,1.2727272727272727,0.15000000000000005,0.33636363636363636,1.6636363636363636
3,2.4881818181818183,2.0,0.23181818181818542,0.5118181818181818,2.4881818181818183
100,83.95181818181818,56.86,6.150499999999991,16.048181818181817,83.95181818181818
