Timestep,Average Total Reward,Average Suboptimal Arms,Average Regret,Average Zeros Count,Average Ones Count
2,1.63875,1.25,0.16874999999999865,0.36125,1.63875
3,2.44625,2.0,0.2625000000000028,0.55375,2.44625
100,83.22625,55.23375,6.784562499999989,16.77375,83.22625
