Timestep,Average Total Reward,Average Suboptimal Arms,Average Regret,Average Zeros Count,Average Ones Count
2,1.6723076923076923,1.3076923076923077,0.1461538461538462,0.32769230769230767,1.6723076923076923
3,2.5092307692307694,1.9292307692307693,0.216000000000003,0.4907692307692308,2.5092307692307694
100,84.28,55.81923076923077,5.848769230769222,15.72,84.28
