Timestep,Average Total Reward,Average Suboptimal Arms,Average Regret,Average Zeros Count,Average Ones Count
2,1.6522222222222223,1.2222222222222223,0.1555555555555556,0.3477777777777778,1.6522222222222223
3,2.4611111111111112,2.0,0.2500000000000031,0.5388888888888889,2.4611111111111112
100,83.4811111111111,55.83222222222222,6.5247777777777625,16.51888888888889,83.4811111111111
