Timestep,Value_at_Risk
2,0.01
3,0.02
100,0.5
200,0.99
2000,9.79
10000,48.870799999999996
20000,97.5317
40000,194.9625
60000,292.5013
80000,389.942
100000,487.29220000000004
