Timestep,Value_at_Risk
2,0.1
3,0.2
100,5.405
200,10.0
2000,53.519999999999996
10000,118.03
20000,151.21499999999997
40000,186.02
60000,203.42000000000002
80000,215.635
100000,231.085
