Timestep,Value_at_Risk
2,0.01
3,0.01
100,0.25
200,0.54
2000,5.882
10000,26.594000000000005
20000,52.148
40000,97.78900000000002
60000,142.959
80000,183.459
100000,216.757
