Timestep,Value_at_Risk
2,0.1
3,0.2
100,6.1
200,9.5
2000,24.984999999999992
10000,32.415
20000,36.025
40000,39.715
60000,40.74
80000,40.934999999999995
100000,41.889999999999986
