Timestep,Value_at_Risk
2,0.1
3,0.2
100,5.0
200,9.6
2000,32.115
10000,45.75
20000,50.22
40000,53.015
60000,54.444999999999986
80000,54.91999999999999
100000,55.114999999999995
