Timestep,Value_at_Risk
2,0.1
3,0.2
100,4.0
200,7.0
2000,22.9
10000,35.719
20000,54.15100000000001
40000,94.072
60000,129.19700000000003
80000,156.46
100000,185.40400000000002
