Timestep,Value_at_Risk
2,0.3009999999999991
3,0.5009999999999991
100,15.912999999999988
