Timestep,Value_at_Risk
2,0.3666666666666667
3,0.41122222222222216
100,14.391
