Timestep,Value_at_Risk
2,0.48148148148148145
3,0.5777777777777777
100,15.982777777777777
