Timestep,Value_at_Risk
2,0.1037037037037037
3,0.3074814814814815
100,11.569111111111114
