Timestep,Value_at_Risk
2,0.20000000000000004
3,0.30033333333333306
100,12.433666666666667
