Timestep,Value_at_Risk
2,0.13333333333333333
3,0.26733333333333364
100,12.407000000000004
