Timestep,Value_at_Risk
2,0.1
3,0.2
100,4.9
200,9.2
2000,43.7
10000,73.12
20000,81.94000000000001
40000,90.801
60000,105.8
80000,123.11700000000003
100000,137.42900000000003
