Timestep,Value_at_Risk
2,0.1
3,0.2
100,4.5
200,7.1
2000,22.7
10000,31.569999999999997
20000,37.81999999999999
40000,40.9
60000,41.58
80000,43.22
100000,43.419999999999995
