Timestep,Value_at_Risk
2,0.10000000000000002
3,0.3
100,10.808666666666673
